Loading checkpoint shards:   0%|          | 0/4 [00:00<?, ?it/s]Loading checkpoint shards:  25%|██▌       | 1/4 [00:01<00:03,  1.18s/it]Loading checkpoint shards:  50%|█████     | 2/4 [00:02<00:02,  1.09s/it]Loading checkpoint shards:  75%|███████▌  | 3/4 [00:03<00:01,  1.22s/it]Loading checkpoint shards: 100%|██████████| 4/4 [00:04<00:00,  1.24s/it]Loading checkpoint shards: 100%|██████████| 4/4 [00:04<00:00,  1.21s/it]
  0%|          | 0/4550 [00:00<?, ?it/s]/miniforge/envs/safe/lib/python3.10/site-packages/transformers/generation/configuration_utils.py:590: UserWarning: `do_sample` is set to `False`. However, `temperature` is set to `0.7` -- this flag is only used in sample-based generation modes. You should set `do_sample=True` or unset `temperature`.
  warnings.warn(
/miniforge/envs/safe/lib/python3.10/site-packages/transformers/generation/configuration_utils.py:595: UserWarning: `do_sample` is set to `False`. However, `top_p` is set to `0.8` -- this flag is only used in sample-based generation modes. You should set `do_sample=True` or unset `top_p`.
  warnings.warn(
/miniforge/envs/safe/lib/python3.10/site-packages/transformers/generation/configuration_utils.py:612: UserWarning: `do_sample` is set to `False`. However, `top_k` is set to `20` -- this flag is only used in sample-based generation modes. You should set `do_sample=True` or unset `top_k`.
  warnings.warn(
CLI: display bgp instance <instance-name> vpnv4 all routing-table [ peer <ipv4-address> { received-routes | advertised-routes } ] time-range <start-time> <end-time>
display bgp instance <instance-name> vpnv4 route-distinguisher <route-distinguisher> routing-table label (Score: 0.5269)
593
The display bgp instance vpnv4 all routing-table time-range command displays information about BGP VPNv4 routes.
DEF: {
    "PageTitle": "bgp",
    "FuncDef": "This command selects BGP tunneling for next-hop resolution and specifies the IPv4 tunnels created by receiving BGP label-unicast IPv4 routes for /32.IPv4 prefixes",
    "CLIs": [
        "bgp",
        "no bgp"
    ],
    "ParentView": [
        "config>router>bgp>next-hop-resolution>shortcut-tunn>family>resolution-filter",
        "config>router>bgp>next-hop-resolution>labeled-routes>transport-tunnel>family>resolution-filter"
    ],
    "ParaDef": null,
    "Examples": null,
    "ExtraInfo": ""
} (Score: 0.5672)
DEF: {
    "PageTitle": "transport-tunnel",
    "FuncDef": "This command enables the context to configure options for the next-hop resolution of BGP labeled routes (VPN-IP and labeled-unicast) using tunnels in TTM. The context allows the selection of different tunnel resolution options for different types of BGP labeled routes: label-unicast IPv4, label-unicast IPv6, and VPN-IP routes (both VPN-IPv4 and VPN-IPv6).",
    "CLIs": [
        "transport-tunnel"
    ],
    "ParentView": [
        "config>router>bgp>next-hop-res>labeled-routes"
    ],
    "ParaDef": null,
    "Examples": null,
    "ExtraInfo": ""
} (Score: 0.5472)
CLI: display bgp routing-table
display bgp routing-table peer <ipv4-address> { received-routes [ time-range <start-time> <end-time> ] | advertised-routes time-range <start-time> <end-time> }
display bgp routing-table label
display bgp routing-table as-path-filter { <as-path-filter-num> | <as-path-filter-name> }
display bgp routing-table regular-expression <as-regular-expression>
display bgp routing-table time-range <start-time> <end-time>
display bgp labeled routing-table
display bgp labeled routing-table peer <ipv4-address> received-routes
display bgp labeled routing-table label
display bgp labeled routing-table as-path-filter { <as-path-filter-num> | <as-path-filter-name> }
display bgp labeled routing-table regular-expression <as-regular-expression>
display bgp labeled routing-table time-range <start-time> <end-time>
display bgp routing-table peer <ipv6-address> { received-routes [ time-range <start-time> <end-time> ] | advertised-routes time-range <start-time> <end-time> }
display bgp routing-table route-filter <route-filter-name> (Score: 0.5138)
619
The display bgp routing-table label command displays the labeled routes in the BGP routing table.
The display bgp labeled routing-table command displays information about BGP routes in a BGP labeled address family.
The display bgp routing-table command displays information about BGP public network routes.
DEF: {
    "PageTitle": "route-table-import",
    "FuncDef": "This command specifies the name of a route to control the importation of active routes from the IP route table into one of the BGP RIBs.",
    "CLIs": [
        "route-table-import <policy-name>",
        "no route-table-import"
    ],
    "ParentView": [
        "config>router>bgp>rib-management>ipv4",
        "config>router>bgp>rib-management>label-ipv4",
        "config>router>bgp>rib-management>ipv6",
        "config>router>bgp>rib-management>label-ipv6"
    ],
    "ParaDef": [
        {
            "Parameters": "policy-name",
            "Info": "Specifies the name of a policy-statement (up to 64 characters)."
        }
    ],
    "Examples": null,
    "ExtraInfo": "Default: no route-table-import"
} (Score: 0.5279)
DEF: {
    "PageTitle": "rr-use-route-table",
    "FuncDef": "This command enables BGP to perform a lookup of IGP routes in the route table to resolve the BGP next-hop of label-IPv4 and label-IPv6 routes. This is useful for a Route Reflector (RR) that does not participate in tunnel signaling protocols such as LDP and RSVP and therefore, does not have tunnels to resolve the BGP next-hops of label-unicast routes.",
    "CLIs": [
        "rr-use-route-table",
        "no rr-use-route-table"
    ],
    "ParentView": [
        "config>router>bgp>next-hop-res>labeled-routes"
    ],
    "ParaDef": null,
    "Examples": null,
    "ExtraInfo": "Default: no rr-use-route-table"
} (Score: 0.5209)
CLI: peer <ipv4-address> route-limit [ accept-prefix ] <limit> [ <percentage> ] [ alert-only | idle-forever | idle-timeout <minutes> ]
undo peer <ipv4-address> route-limit (Score: 0.4752)
1994
The peer route-limit command sets the maximum number of routes that can be received from a peer.
The undo peer route-limit command cancels the configuration.
By default, there is no limit on the number of routes that can be received from a peer.
DEF: {
    "PageTitle": "peer-tracking-policy",
    "FuncDef": "This command specifies the name of a policy statement to use with the BGP peer-tracking function on the BGP sessions where this is enabled. The policy controls which IP routes in RTM are eligible to indicate reachability of IPv4 and IPv6 BGP neighbor addresses. If the longest matching route in RTM for a BGP neighbor address is an IP route that is rejected by the policy, or it is a BGP route accepted by the policy, or if there is no matching route, the neighbor is considered unreachable and BGP tears down the peering session and holds it in the idle state until a valid route is once again available and accepted by the policy.",
    "CLIs": [
        "peer-tracking-policy <policy-name>",
        "no peer-tracking-policy"
    ],
    "ParentView": [
        "config>router>bgp"
    ],
    "ParaDef": [
        {
            "Parameters": "policy-name",
            "Info": "Specifies the route policy name. Allowed values are any string up to 64 characters long composed of printable, 7-bit ASCII characters. If the string contains special characters (#, $, spaces, and so on), the entire string must be enclosed within double quotes. Route policies are configured in the config>router>policy-options context."
        }
    ],
    "Examples": null,
    "ExtraInfo": "Default: no peer-tracking-policy"
} (Score: 0.5138)
DEF: {
    "PageTitle": "enable-peer-tracking",
    "FuncDef": "This command enables BGP peer tracking. BGP peer tracking allows a BGP peer to be dropped immediately if the route used to resolve the BGP peer address is removed from the IP routing table and there is no alternative available. The BGP peer will not wait for the holdtimer to expire; therefore, the BGP re-convergence process is accelerated.",
    "CLIs": [
        "enable-peer-tracking",
        "no enable-peer-tracking"
    ],
    "ParentView": [
        "config>router>bgp",
        "config>router>bgp>group",
        "config>router>bgp>group>neighbor"
    ],
    "ParaDef": null,
    "Examples": null,
    "ExtraInfo": "Default: no enable-peer-tracking"
} (Score: 0.5092)
CLI: peer <ipv4-address> route-limit [ accept-prefix ] <limit> [ <percentage> ] [ alert-only | idle-forever | idle-timeout <minutes> ]
undo peer <ipv4-address> route-limit (Score: 0.4752)
1329
The peer route-limit command sets the maximum number of routes that can be received from a peer.
The undo peer route-limit command cancels the configuration.
By default, there is no limit on the number of routes that can be received from a peer.
DEF: {
    "PageTitle": "peer-tracking-policy",
    "FuncDef": "This command specifies the name of a policy statement to use with the BGP peer-tracking function on the BGP sessions where this is enabled. The policy controls which IP routes in RTM are eligible to indicate reachability of IPv4 and IPv6 BGP neighbor addresses. If the longest matching route in RTM for a BGP neighbor address is an IP route that is rejected by the policy, or it is a BGP route accepted by the policy, or if there is no matching route, the neighbor is considered unreachable and BGP tears down the peering session and holds it in the idle state until a valid route is once again available and accepted by the policy.",
    "CLIs": [
        "peer-tracking-policy <policy-name>",
        "no peer-tracking-policy"
    ],
    "ParentView": [
        "config>router>bgp"
    ],
    "ParaDef": [
        {
            "Parameters": "policy-name",
            "Info": "Specifies the route policy name. Allowed values are any string up to 64 characters long composed of printable, 7-bit ASCII characters. If the string contains special characters (#, $, spaces, and so on), the entire string must be enclosed within double quotes. Route policies are configured in the config>router>policy-options context."
        }
    ],
    "Examples": null,
    "ExtraInfo": "Default: no peer-tracking-policy"
} (Score: 0.5138)
DEF: {
    "PageTitle": "enable-peer-tracking",
    "FuncDef": "This command enables BGP peer tracking. BGP peer tracking allows a BGP peer to be dropped immediately if the route used to resolve the BGP peer address is removed from the IP routing table and there is no alternative available. The BGP peer will not wait for the holdtimer to expire; therefore, the BGP re-convergence process is accelerated.",
    "CLIs": [
        "enable-peer-tracking",
        "no enable-peer-tracking"
    ],
    "ParentView": [
        "config>router>bgp",
        "config>router>bgp>group",
        "config>router>bgp>group>neighbor"
    ],
    "ParaDef": null,
    "Examples": null,
    "ExtraInfo": "Default: no enable-peer-tracking"
} (Score: 0.5092)
CLI: peer <ipv4-address> route-limit [ accept-prefix ] <limit> [ <percentage> ] [ alert-only | idle-forever | idle-timeout <minutes> ]
undo peer <ipv4-address> route-limit (Score: 0.4752)
454
The peer route-limit command sets the maximum number of routes that can be received from a peer.
The undo peer route-limit command cancels the configuration.
By default, there is no limit on the number of routes that can be received from a peer.
DEF: {
    "PageTitle": "peer-tracking-policy",
    "FuncDef": "This command specifies the name of a policy statement to use with the BGP peer-tracking function on the BGP sessions where this is enabled. The policy controls which IP routes in RTM are eligible to indicate reachability of IPv4 and IPv6 BGP neighbor addresses. If the longest matching route in RTM for a BGP neighbor address is an IP route that is rejected by the policy, or it is a BGP route accepted by the policy, or if there is no matching route, the neighbor is considered unreachable and BGP tears down the peering session and holds it in the idle state until a valid route is once again available and accepted by the policy.",
    "CLIs": [
        "peer-tracking-policy <policy-name>",
        "no peer-tracking-policy"
    ],
    "ParentView": [
        "config>router>bgp"
    ],
    "ParaDef": [
        {
            "Parameters": "policy-name",
            "Info": "Specifies the route policy name. Allowed values are any string up to 64 characters long composed of printable, 7-bit ASCII characters. If the string contains special characters (#, $, spaces, and so on), the entire string must be enclosed within double quotes. Route policies are configured in the config>router>policy-options context."
        }
    ],
    "Examples": null,
    "ExtraInfo": "Default: no peer-tracking-policy"
} (Score: 0.5138)
DEF: {
    "PageTitle": "enable-peer-tracking",
    "FuncDef": "This command enables BGP peer tracking. BGP peer tracking allows a BGP peer to be dropped immediately if the route used to resolve the BGP peer address is removed from the IP routing table and there is no alternative available. The BGP peer will not wait for the holdtimer to expire; therefore, the BGP re-convergence process is accelerated.",
    "CLIs": [
        "enable-peer-tracking",
        "no enable-peer-tracking"
    ],
    "ParentView": [
        "config>router>bgp",
        "config>router>bgp>group",
        "config>router>bgp>group>neighbor"
    ],
    "ParaDef": null,
    "Examples": null,
    "ExtraInfo": "Default: no enable-peer-tracking"
} (Score: 0.5092)
/miniforge/envs/safe/lib/python3.10/site-packages/transformers/generation/configuration_utils.py:590: UserWarning: `do_sample` is set to `False`. However, `temperature` is set to `0.7` -- this flag is only used in sample-based generation modes. You should set `do_sample=True` or unset `temperature`.
  warnings.warn(
/miniforge/envs/safe/lib/python3.10/site-packages/transformers/generation/configuration_utils.py:595: UserWarning: `do_sample` is set to `False`. However, `top_p` is set to `0.8` -- this flag is only used in sample-based generation modes. You should set `do_sample=True` or unset `top_p`.
  warnings.warn(
/miniforge/envs/safe/lib/python3.10/site-packages/transformers/generation/configuration_utils.py:612: UserWarning: `do_sample` is set to `False`. However, `top_k` is set to `20` -- this flag is only used in sample-based generation modes. You should set `do_sample=True` or unset `top_k`.
  warnings.warn(
------------
As a network device expert, please determine whether the following answer correctly responds to the user's question based on the router configuration manual. Only output "Correct" or "Incorrect" without any explanation or additional information. You must make your own judgment based on the Router configuration manual provided to you, not on your own knowledge.
---
## User question:
How to configure Nokia router to send BGP-LS routing updates to peer 192.168.5.7 with a minimum interval of 45 seconds?
---
## Proposed answer:
Based on the user's request and the provided configuration manual, the appropriate CLI configuration commands to configure Nokia router to send BGP-LS routing updates to peer 192.168.5.7 with a minimum interval of 45 seconds are not directly available in the provided reference content. However, we can infer some necessary configurations based on typical BGP-LS setup procedures. Here are the steps and commands that might be required:

1. **Enable BGP**: Ensure BGP is enabled.
2. **Configure BGP Peer**: Set up the BGP peer with the specified IP address.
3. **Set Minimum Interval for BGP-LS Updates**: Configure the minimum interval for BGP-LS updates.

Since the provided reference content does not include specific commands for setting the minimum interval for BGP-LS updates, we will assume that the configuration for BGP peers and enabling BGP-LS is sufficient. Here are the relevant commands:

```plaintext
config>router>bgp
  peer 192.168.5.7 as-number <your-as-number>
  bgp-ls
    peer 192.168.5.7 min-interval 45
```

Replace `<your-as-number>` with the actual AS number of your BGP peer.

If you need more detailed configuration or specific commands for setting the minimum interval for BGP-LS updates, please refer to the official Nokia router documentation or contact Nokia support for further assistance.
---
## Router configuration manual:
CLIs:
peer <ipv4-address> route-update-interval <interval>
undo peer <ipv4-address> route-update-interval
FuncDef:
The peer route-update-interval command sets the interval at which a device sends routing updates carrying the same prefix to a peer or peer group.
The undo peer route-update-interval command restores the default setting.
By default, the interval at which routing updates are sent to IBGP peers is 15s, and the interval at which routing updates are sent to EBGP peers is 30s.
ParaDef:
{'Parameters': 'ipv4-address', 'Info': 'Specifies the IPv4 address of a peer.\nIt is in dotted decimal notation.'}
{'Parameters': 'interval', 'Info': 'Specifies the minimum interval at which routing updates are sent.\nThe value is an integer ranging from 0 to 600, in seconds. The value 0 indicates that the device immediately sends BGP Update messages to notify its peers of route changes.'}
---
Please answer Correct or Incorrect.
Your answer:
------------
Incorrect
------------
  0%|          | 1/4550 [00:28<36:19:35, 28.75s/it]/miniforge/envs/safe/lib/python3.10/site-packages/transformers/generation/configuration_utils.py:590: UserWarning: `do_sample` is set to `False`. However, `temperature` is set to `0.7` -- this flag is only used in sample-based generation modes. You should set `do_sample=True` or unset `temperature`.
  warnings.warn(
/miniforge/envs/safe/lib/python3.10/site-packages/transformers/generation/configuration_utils.py:595: UserWarning: `do_sample` is set to `False`. However, `top_p` is set to `0.8` -- this flag is only used in sample-based generation modes. You should set `do_sample=True` or unset `top_p`.
  warnings.warn(
/miniforge/envs/safe/lib/python3.10/site-packages/transformers/generation/configuration_utils.py:612: UserWarning: `do_sample` is set to `False`. However, `top_k` is set to `20` -- this flag is only used in sample-based generation modes. You should set `do_sample=True` or unset `top_k`.
  warnings.warn(
CLI: peer <ipv4-address> route-limit <limit> [ <percentage> ] [ alert-only | idle-forever | idle-timeout <times> ]
undo peer <ipv4-address> route-limit (Score: 0.5358)
1452
The peer route-limit command sets the maximum number of routes that can be received from a peer.
The undo peer route-limit command cancels the configuration.
By default, there is no limit on the number of routes that can be received from a peer.
DEF: {
    "PageTitle": "peer-tracking-policy",
    "FuncDef": "This command specifies the name of a policy statement to use with the BGP peer-tracking function on the BGP sessions where this is enabled. The policy controls which IP routes in RTM are eligible to indicate reachability of IPv4 and IPv6 BGP neighbor addresses. If the longest matching route in RTM for a BGP neighbor address is an IP route that is rejected by the policy, or it is a BGP route accepted by the policy, or if there is no matching route, the neighbor is considered unreachable and BGP tears down the peering session and holds it in the idle state until a valid route is once again available and accepted by the policy.",
    "CLIs": [
        "peer-tracking-policy <policy-name>",
        "no peer-tracking-policy"
    ],
    "ParentView": [
        "config>router>bgp"
    ],
    "ParaDef": [
        {
            "Parameters": "policy-name",
            "Info": "Specifies the route policy name. Allowed values are any string up to 64 characters long composed of printable, 7-bit ASCII characters. If the string contains special characters (#, $, spaces, and so on), the entire string must be enclosed within double quotes. Route policies are configured in the config>router>policy-options context."
        }
    ],
    "Examples": null,
    "ExtraInfo": "Default: no peer-tracking-policy"
} (Score: 0.5138)
DEF: {
    "PageTitle": "enable-peer-tracking",
    "FuncDef": "This command enables BGP peer tracking. BGP peer tracking allows a BGP peer to be dropped immediately if the route used to resolve the BGP peer address is removed from the IP routing table and there is no alternative available. The BGP peer will not wait for the holdtimer to expire; therefore, the BGP re-convergence process is accelerated.",
    "CLIs": [
        "enable-peer-tracking",
        "no enable-peer-tracking"
    ],
    "ParentView": [
        "config>router>bgp",
        "config>router>bgp>group",
        "config>router>bgp>group>neighbor"
    ],
    "ParaDef": null,
    "Examples": null,
    "ExtraInfo": "Default: no enable-peer-tracking"
} (Score: 0.5092)
CLI: peer <ipv4-address> route-limit <limit> [ <percentage> ] [ alert-only | idle-forever | idle-timeout <times> ]
undo peer <ipv4-address> route-limit (Score: 0.5358)
268
The peer route-limit command sets the maximum number of routes that can be received from a peer.
The undo peer route-limit command cancels the configuration.
By default, there is no limit on the number of routes that can be received from a peer.
DEF: {
    "PageTitle": "peer-tracking-policy",
    "FuncDef": "This command specifies the name of a policy statement to use with the BGP peer-tracking function on the BGP sessions where this is enabled. The policy controls which IP routes in RTM are eligible to indicate reachability of IPv4 and IPv6 BGP neighbor addresses. If the longest matching route in RTM for a BGP neighbor address is an IP route that is rejected by the policy, or it is a BGP route accepted by the policy, or if there is no matching route, the neighbor is considered unreachable and BGP tears down the peering session and holds it in the idle state until a valid route is once again available and accepted by the policy.",
    "CLIs": [
        "peer-tracking-policy <policy-name>",
        "no peer-tracking-policy"
    ],
    "ParentView": [
        "config>router>bgp"
    ],
    "ParaDef": [
        {
            "Parameters": "policy-name",
            "Info": "Specifies the route policy name. Allowed values are any string up to 64 characters long composed of printable, 7-bit ASCII characters. If the string contains special characters (#, $, spaces, and so on), the entire string must be enclosed within double quotes. Route policies are configured in the config>router>policy-options context."
        }
    ],
    "Examples": null,
    "ExtraInfo": "Default: no peer-tracking-policy"
} (Score: 0.5138)
DEF: {
    "PageTitle": "enable-peer-tracking",
    "FuncDef": "This command enables BGP peer tracking. BGP peer tracking allows a BGP peer to be dropped immediately if the route used to resolve the BGP peer address is removed from the IP routing table and there is no alternative available. The BGP peer will not wait for the holdtimer to expire; therefore, the BGP re-convergence process is accelerated.",
    "CLIs": [
        "enable-peer-tracking",
        "no enable-peer-tracking"
    ],
    "ParentView": [
        "config>router>bgp",
        "config>router>bgp>group",
        "config>router>bgp>group>neighbor"
    ],
    "ParaDef": null,
    "Examples": null,
    "ExtraInfo": "Default: no enable-peer-tracking"
} (Score: 0.5092)
CLI: peer <ipv4-address> route-limit <limit> [ <percentage> ] [ alert-only | idle-forever | idle-timeout <times> ]
undo peer <ipv4-address> route-limit (Score: 0.5358)
1420
The peer route-limit command sets the maximum number of routes that can be received from a peer.
The undo peer route-limit command cancels the configuration.
By default, there is no limit on the number of routes that can be received from a peer.
DEF: {
    "PageTitle": "peer-tracking-policy",
    "FuncDef": "This command specifies the name of a policy statement to use with the BGP peer-tracking function on the BGP sessions where this is enabled. The policy controls which IP routes in RTM are eligible to indicate reachability of IPv4 and IPv6 BGP neighbor addresses. If the longest matching route in RTM for a BGP neighbor address is an IP route that is rejected by the policy, or it is a BGP route accepted by the policy, or if there is no matching route, the neighbor is considered unreachable and BGP tears down the peering session and holds it in the idle state until a valid route is once again available and accepted by the policy.",
    "CLIs": [
        "peer-tracking-policy <policy-name>",
        "no peer-tracking-policy"
    ],
    "ParentView": [
        "config>router>bgp"
    ],
    "ParaDef": [
        {
            "Parameters": "policy-name",
            "Info": "Specifies the route policy name. Allowed values are any string up to 64 characters long composed of printable, 7-bit ASCII characters. If the string contains special characters (#, $, spaces, and so on), the entire string must be enclosed within double quotes. Route policies are configured in the config>router>policy-options context."
        }
    ],
    "Examples": null,
    "ExtraInfo": "Default: no peer-tracking-policy"
} (Score: 0.5138)
DEF: {
    "PageTitle": "enable-peer-tracking",
    "FuncDef": "This command enables BGP peer tracking. BGP peer tracking allows a BGP peer to be dropped immediately if the route used to resolve the BGP peer address is removed from the IP routing table and there is no alternative available. The BGP peer will not wait for the holdtimer to expire; therefore, the BGP re-convergence process is accelerated.",
    "CLIs": [
        "enable-peer-tracking",
        "no enable-peer-tracking"
    ],
    "ParentView": [
        "config>router>bgp",
        "config>router>bgp>group",
        "config>router>bgp>group>neighbor"
    ],
    "ParaDef": null,
    "Examples": null,
    "ExtraInfo": "Default: no enable-peer-tracking"
} (Score: 0.5092)
CLI: peer <ipv4-address> route-limit <limit> [ <percentage> ] [ alert-only | idle-forever | idle-timeout <times> ]
undo peer <ipv4-address> route-limit (Score: 0.5358)
1838
The peer route-limit command sets the maximum number of routes that can be received from a peer.
The undo peer route-limit command cancels the configuration.
By default, there is no limit on the number of routes that can be received from a peer.
DEF: {
    "PageTitle": "peer-tracking-policy",
    "FuncDef": "This command specifies the name of a policy statement to use with the BGP peer-tracking function on the BGP sessions where this is enabled. The policy controls which IP routes in RTM are eligible to indicate reachability of IPv4 and IPv6 BGP neighbor addresses. If the longest matching route in RTM for a BGP neighbor address is an IP route that is rejected by the policy, or it is a BGP route accepted by the policy, or if there is no matching route, the neighbor is considered unreachable and BGP tears down the peering session and holds it in the idle state until a valid route is once again available and accepted by the policy.",
    "CLIs": [
        "peer-tracking-policy <policy-name>",
        "no peer-tracking-policy"
    ],
    "ParentView": [
        "config>router>bgp"
    ],
    "ParaDef": [
        {
            "Parameters": "policy-name",
            "Info": "Specifies the route policy name. Allowed values are any string up to 64 characters long composed of printable, 7-bit ASCII characters. If the string contains special characters (#, $, spaces, and so on), the entire string must be enclosed within double quotes. Route policies are configured in the config>router>policy-options context."
        }
    ],
    "Examples": null,
    "ExtraInfo": "Default: no peer-tracking-policy"
} (Score: 0.5138)
DEF: {
    "PageTitle": "enable-peer-tracking",
    "FuncDef": "This command enables BGP peer tracking. BGP peer tracking allows a BGP peer to be dropped immediately if the route used to resolve the BGP peer address is removed from the IP routing table and there is no alternative available. The BGP peer will not wait for the holdtimer to expire; therefore, the BGP re-convergence process is accelerated.",
    "CLIs": [
        "enable-peer-tracking",
        "no enable-peer-tracking"
    ],
    "ParentView": [
        "config>router>bgp",
        "config>router>bgp>group",
        "config>router>bgp>group>neighbor"
    ],
    "ParaDef": null,
    "Examples": null,
    "ExtraInfo": "Default: no enable-peer-tracking"
} (Score: 0.5092)
CLI: peer <ipv4-address> route-limit <limit> [ <percentage> ] [ alert-only | idle-forever | idle-timeout <times> ]
undo peer <ipv4-address> route-limit (Score: 0.5358)
1451
The peer route-limit command sets the maximum number of routes that can be received from a peer.
The undo peer route-limit command cancels the configuration.
By default, there is no limit on the number of routes that can be received from a peer.
DEF: {
    "PageTitle": "peer-tracking-policy",
    "FuncDef": "This command specifies the name of a policy statement to use with the BGP peer-tracking function on the BGP sessions where this is enabled. The policy controls which IP routes in RTM are eligible to indicate reachability of IPv4 and IPv6 BGP neighbor addresses. If the longest matching route in RTM for a BGP neighbor address is an IP route that is rejected by the policy, or it is a BGP route accepted by the policy, or if there is no matching route, the neighbor is considered unreachable and BGP tears down the peering session and holds it in the idle state until a valid route is once again available and accepted by the policy.",
    "CLIs": [
        "peer-tracking-policy <policy-name>",
        "no peer-tracking-policy"
    ],
    "ParentView": [
        "config>router>bgp"
    ],
    "ParaDef": [
        {
            "Parameters": "policy-name",
            "Info": "Specifies the route policy name. Allowed values are any string up to 64 characters long composed of printable, 7-bit ASCII characters. If the string contains special characters (#, $, spaces, and so on), the entire string must be enclosed within double quotes. Route policies are configured in the config>router>policy-options context."
        }
    ],
    "Examples": null,
    "ExtraInfo": "Default: no peer-tracking-policy"
} (Score: 0.5138)
DEF: {
    "PageTitle": "enable-peer-tracking",
    "FuncDef": "This command enables BGP peer tracking. BGP peer tracking allows a BGP peer to be dropped immediately if the route used to resolve the BGP peer address is removed from the IP routing table and there is no alternative available. The BGP peer will not wait for the holdtimer to expire; therefore, the BGP re-convergence process is accelerated.",
    "CLIs": [
        "enable-peer-tracking",
        "no enable-peer-tracking"
    ],
    "ParentView": [
        "config>router>bgp",
        "config>router>bgp>group",
        "config>router>bgp>group>neighbor"
    ],
    "ParaDef": null,
    "Examples": null,
    "ExtraInfo": "Default: no enable-peer-tracking"
} (Score: 0.5092)
/miniforge/envs/safe/lib/python3.10/site-packages/transformers/generation/configuration_utils.py:590: UserWarning: `do_sample` is set to `False`. However, `temperature` is set to `0.7` -- this flag is only used in sample-based generation modes. You should set `do_sample=True` or unset `temperature`.
  warnings.warn(
/miniforge/envs/safe/lib/python3.10/site-packages/transformers/generation/configuration_utils.py:595: UserWarning: `do_sample` is set to `False`. However, `top_p` is set to `0.8` -- this flag is only used in sample-based generation modes. You should set `do_sample=True` or unset `top_p`.
  warnings.warn(
/miniforge/envs/safe/lib/python3.10/site-packages/transformers/generation/configuration_utils.py:612: UserWarning: `do_sample` is set to `False`. However, `top_k` is set to `20` -- this flag is only used in sample-based generation modes. You should set `do_sample=True` or unset `top_k`.
  warnings.warn(
------------
As a network device expert, please determine whether the following answer correctly responds to the user's question based on the router configuration manual. Only output "Correct" or "Incorrect" without any explanation or additional information. You must make your own judgment based on the Router configuration manual provided to you, not on your own knowledge.
---
## User question:
How to configure Nokia routers to send BGP-LS routing updates with identical prefixes to peer 192.168.5.4 at a minimum interval of 20 seconds?
---
## Proposed answer:
Based on the user's request and the provided configuration manual content, the configuration commands to set up BGP-LS routing updates with a minimum interval of 20 seconds to peer 192.168.5.4 would involve enabling BGP peer tracking but do not directly include a command to set the update interval. The provided content does not specify a direct way to configure the update interval for BGP-LS. However, we can enable BGP peer tracking as requested.

Here are the appropriate CLI configuration commands:

```plaintext
config>router>bgp
    enable-peer-tracking
    peer 192.168.5.4
        peer-tracking-policy my_policy
```

In this configuration:
- `enable-peer-tracking` enables BGP peer tracking.
- `peer-tracking-policy my_policy` associates the specified policy with the BGP peer. Note that you need to define the policy `my_policy` separately in the `config>router>policy-options` context.

To define the policy `my_policy`, you would need to add additional configuration under `config>router>policy-options`. However, since the exact definition of the policy is not required to answer the user's request, the above commands should be sufficient to enable BGP peer tracking and associate it with the specified peer.

If setting the update interval is critical and not directly supported by the provided commands, you may need to refer to the specific BGP-LS configuration section of the documentation or contact the vendor for more detailed instructions.
---
## Router configuration manual:
CLIs:
peer <ipv4-address> route-update-interval <interval>
undo peer <ipv4-address> route-update-interval
FuncDef:
The peer route-update-interval command sets the interval at which a device sends routing updates carrying the same prefix to a peer or peer group.
The undo peer route-update-interval command restores the default setting.
By default, the interval at which routing updates are sent to IBGP peers is 15s, and the interval at which routing updates are sent to EBGP peers is 30s.
ParaDef:
{'Parameters': 'ipv4-address', 'Info': 'Specifies the IPv4 address of a peer.\nIt is in dotted decimal notation.'}
{'Parameters': 'interval', 'Info': 'Specifies the minimum interval at which routing updates are sent.\nThe value is an integer ranging from 0 to 600, in seconds. The value 0 indicates that the device immediately sends BGP Update messages to notify its peers of route changes.'}
---
Please answer Correct or Incorrect.
Your answer:
------------
Incorrect
------------
  0%|          | 2/4550 [00:50<31:09:44, 24.67s/it]CLI: display bgp l2vpn-ad peer verbose
display bgp l2vpn-ad peer <ipv4-address> verbose (Score: 0.5127)
564
The display bgp l2vpn-ad peer verbose command displays detailed information about BGP peers in the L2VPN AD address family.
DEF: {
    "PageTitle": "link-state-import-enable",
    "FuncDef": "This command enables the import of link-state information into the BGP-LS address family for advertisement to other BGP neighbors.",
    "CLIs": [
        "link-state-import-enable",
        "no link-state-import-enable"
    ],
    "ParentView": [
        "config>router>bgp"
    ],
    "ParaDef": null,
    "Examples": null,
    "ExtraInfo": "Default: no link-state-import-enable"
} (Score: 0.5441)
DEF: {
    "PageTitle": "advertise-ipv6-next-hops",
    "FuncDef": "This command applies to a BGP session established on top of IPv6; transport, BGP routes belonging to the specified families can be advertised with a true IPv6 address when originated or whennext-hop-self(configured or automatic) is applied.",
    "CLIs": [
        "advertise-ipv6-next-hops [ vpn-ipv6 ] [ label-ipv6 ] [ vpn-ipv4 ] [ label-ipv4 ]",
        "no advertise-ipv6-next-hops"
    ],
    "ParentView": [
        "config>router>bgp",
        "config>router>bgp>group",
        "config>router>bgp>group>neighbor"
    ],
    "ParaDef": [
        {
            "Parameters": "vpn-ipv6",
            "Info": "Allows VPN IPv6 routes to be advertised to IPv6 transport peers with an IPv6 address as the BGP next hop in cases of route origination or next-hop-self (configured or automatic)."
        },
        {
            "Parameters": "label-ipv6",
            "Info": "Allows label IPv6 routes to be advertised to IPv6 transport peers with an IPv6 address as the BGP next hop in cases of route origination or next-hop-self (configured or automatic)."
        },
        {
            "Parameters": "vpn-ipv4",
            "Info": "Allows VPN IPv4 routes to be advertised to IPv6 transport peers with an IPv6 address as the BGP next hop in cases of route origination or next-hop-self (configured or automatic). It also allows export policies to change the BGP next hop of a VPN IPv4 route to an IPv6 address. All of these cases require the remote peer to advertise the necessary extended NH encoding capability."
        },
        {
            "Parameters": "label-ipv4",
            "Info": "Allows label IPv4 routes to be advertised to IPv6 transport peers with an IPv6 address as the BGP next hop in cases of route origination or next-hop-self (configured or automatic). It also allows export policies to change the BGP next hop of a label IPv4 route to an IPv6 address. All of these cases require the remote peer to advertise the necessary extended NH encoding capability."
        }
    ],
    "Examples": null,
    "ExtraInfo": "Default: no advertise-ipv6-next-hops"
} (Score: 0.5416)
CLI: display bgp l2vpn-ad routing-table vpls statistics (Score: 0.4995)
644
The display bgp l2vpn-ad routing-table vpls statistics command displays statistics information about VPLS routes in the L2VPN-AD address family.
DEF: {
    "PageTitle": "vpn-apply-export",
    "FuncDef": "This command causes the base instance BGP export route policies to be applied to vpn-ipv4/6, mvpn-ipv4/6, l2-vpn, mdt-safi, mcast-vpn-ipv4, and evpn routes.",
    "CLIs": [
        "vpn-apply-export",
        "no vpn-apply-export"
    ],
    "ParentView": [
        "config>router>bgp",
        "config>router>bgp>group",
        "config>router>bgp>group>neighbor"
    ],
    "ParaDef": null,
    "Examples": null,
    "ExtraInfo": "Default: no vpn-apply-export"
} (Score: 0.4834)
DEF: {
    "PageTitle": "advertise-ipv6-next-hops",
    "FuncDef": "This command applies to a BGP session established on top of IPv6; transport, BGP routes belonging to the specified families can be advertised with a true IPv6 address when originated or whennext-hop-self(configured or automatic) is applied.",
    "CLIs": [
        "advertise-ipv6-next-hops [ vpn-ipv6 ] [ label-ipv6 ] [ vpn-ipv4 ] [ label-ipv4 ]",
        "no advertise-ipv6-next-hops"
    ],
    "ParentView": [
        "config>router>bgp",
        "config>router>bgp>group",
        "config>router>bgp>group>neighbor"
    ],
    "ParaDef": [
        {
            "Parameters": "vpn-ipv6",
            "Info": "Allows VPN IPv6 routes to be advertised to IPv6 transport peers with an IPv6 address as the BGP next hop in cases of route origination or next-hop-self (configured or automatic)."
        },
        {
            "Parameters": "label-ipv6",
            "Info": "Allows label IPv6 routes to be advertised to IPv6 transport peers with an IPv6 address as the BGP next hop in cases of route origination or next-hop-self (configured or automatic)."
        },
        {
            "Parameters": "vpn-ipv4",
            "Info": "Allows VPN IPv4 routes to be advertised to IPv6 transport peers with an IPv6 address as the BGP next hop in cases of route origination or next-hop-self (configured or automatic). It also allows export policies to change the BGP next hop of a VPN IPv4 route to an IPv6 address. All of these cases require the remote peer to advertise the necessary extended NH encoding capability."
        },
        {
            "Parameters": "label-ipv4",
            "Info": "Allows label IPv4 routes to be advertised to IPv6 transport peers with an IPv6 address as the BGP next hop in cases of route origination or next-hop-self (configured or automatic). It also allows export policies to change the BGP next hop of a label IPv4 route to an IPv6 address. All of these cases require the remote peer to advertise the necessary extended NH encoding capability."
        }
    ],
    "Examples": null,
    "ExtraInfo": "Default: no advertise-ipv6-next-hops"
} (Score: 0.4828)
CLI: mpls bgp bfd enable
undo mpls bgp bfd enable (Score: 0.4979)
162
The mpls bgp bfd enable command enables MPLS to dynamically create BGP BFD sessions.
The undo mpls bgp bfd enable command disables MPLS from dynamically creating BGP BFD sessions.
By default, MPLS is disabled from dynamically creating BGP BFD sessions.
DEF: {
    "PageTitle": "bfd-enable",
    "FuncDef": "This command enables the use of bi-directional forwarding (BFD) to control the state of the associated protocol interface. By enabling BFD on a given protocol interface, the state of the protocol interface is tied to the state of the BFD session between the local node and the remote node. The parameters used for the BFD are set via the BFD command under the IP interface.",
    "CLIs": [
        "bfd-enable",
        "no bfd-enable"
    ],
    "ParentView": [
        "config>router>bgp",
        "config>router>bgp>group",
        "config>router>bgp>group>neighbor"
    ],
    "ParaDef": null,
    "Examples": null,
    "ExtraInfo": "Default: no bfd-enable"
} (Score: 0.6509)
DEF: {
    "PageTitle": "enable-peer-tracking",
    "FuncDef": "This command enables BGP peer tracking. BGP peer tracking allows a BGP peer to be dropped immediately if the route used to resolve the BGP peer address is removed from the IP routing table and there is no alternative available. The BGP peer will not wait for the holdtimer to expire; therefore, the BGP re-convergence process is accelerated.",
    "CLIs": [
        "enable-peer-tracking",
        "no enable-peer-tracking"
    ],
    "ParentView": [
        "config>router>bgp",
        "config>router>bgp>group",
        "config>router>bgp>group>neighbor"
    ],
    "ParaDef": null,
    "Examples": null,
    "ExtraInfo": "Default: no enable-peer-tracking"
} (Score: 0.3873)
CLI: mpls bgp bfd enable
undo mpls bgp bfd enable (Score: 0.4979)
1860
The mpls bgp bfd enable command enables MPLS to dynamically create BGP BFD sessions.
The undo mpls bgp bfd enable command disables MPLS from dynamically creating BGP BFD sessions.
By default, MPLS is disabled from dynamically creating BGP BFD sessions.
DEF: {
    "PageTitle": "bfd-enable",
    "FuncDef": "This command enables the use of bi-directional forwarding (BFD) to control the state of the associated protocol interface. By enabling BFD on a given protocol interface, the state of the protocol interface is tied to the state of the BFD session between the local node and the remote node. The parameters used for the BFD are set via the BFD command under the IP interface.",
    "CLIs": [
        "bfd-enable",
        "no bfd-enable"
    ],
    "ParentView": [
        "config>router>bgp",
        "config>router>bgp>group",
        "config>router>bgp>group>neighbor"
    ],
    "ParaDef": null,
    "Examples": null,
    "ExtraInfo": "Default: no bfd-enable"
} (Score: 0.6509)
DEF: {
    "PageTitle": "enable-peer-tracking",
    "FuncDef": "This command enables BGP peer tracking. BGP peer tracking allows a BGP peer to be dropped immediately if the route used to resolve the BGP peer address is removed from the IP routing table and there is no alternative available. The BGP peer will not wait for the holdtimer to expire; therefore, the BGP re-convergence process is accelerated.",
    "CLIs": [
        "enable-peer-tracking",
        "no enable-peer-tracking"
    ],
    "ParentView": [
        "config>router>bgp",
        "config>router>bgp>group",
        "config>router>bgp>group>neighbor"
    ],
    "ParaDef": null,
    "Examples": null,
    "ExtraInfo": "Default: no enable-peer-tracking"
} (Score: 0.3873)
CLI: display bgp l2vpn-ad routing-table peer <ipv4-address> advertised-routes [ vpls-ad ]
display bgp l2vpn-ad routing-table peer <ipv4-address> advertised-routes vpls
display bgp l2vpn-ad routing-table peer <ipv4-address> advertised-routes vpws (Score: 0.4921)
566
The display bgp l2vpn-ad routing-table peer advertised-routes command displays the BGP L2VPN-AD routes advertised to the specified peer.
The display bgp l2vpn-ad routing-table peer advertised-routes vpls command displays statistics about VPLS routes advertised to the specified peer.
The display bgp l2vpn-ad routing-table peer advertised-routes vpws command displays statistics about VPWS routes advertised to the specified peer.
DEF: {
    "PageTitle": "advertise-inactive",
    "FuncDef": "This command enables the advertising of inactive BGP routes to other BGP peers. By default, BGP only advertises BGP routes to other BGP peers if a given BGP route is chosen by the route table manager as the most preferred route within the system and is active in the forwarding plane. This command allows system administrators to advertise a BGP route even though it is not the most preferred route within the system for a given destination.",
    "CLIs": [
        "advertise-inactive",
        "no advertise-inactive"
    ],
    "ParentView": [
        "config>router>bgp",
        "config>router>bgp>group",
        "config>router>bgp>group>neighbor"
    ],
    "ParaDef": null,
    "Examples": null,
    "ExtraInfo": "Default: no advertise-inactive"
} (Score: 0.5069)
DEF: {
    "PageTitle": "advertise-ipv6-next-hops",
    "FuncDef": "This command applies to a BGP session established on top of IPv6; transport, BGP routes belonging to the specified families can be advertised with a true IPv6 address when originated or whennext-hop-self(configured or automatic) is applied.",
    "CLIs": [
        "advertise-ipv6-next-hops [ vpn-ipv6 ] [ label-ipv6 ] [ vpn-ipv4 ] [ label-ipv4 ]",
        "no advertise-ipv6-next-hops"
    ],
    "ParentView": [
        "config>router>bgp",
        "config>router>bgp>group",
        "config>router>bgp>group>neighbor"
    ],
    "ParaDef": [
        {
            "Parameters": "vpn-ipv6",
            "Info": "Allows VPN IPv6 routes to be advertised to IPv6 transport peers with an IPv6 address as the BGP next hop in cases of route origination or next-hop-self (configured or automatic)."
        },
        {
            "Parameters": "label-ipv6",
            "Info": "Allows label IPv6 routes to be advertised to IPv6 transport peers with an IPv6 address as the BGP next hop in cases of route origination or next-hop-self (configured or automatic)."
        },
        {
            "Parameters": "vpn-ipv4",
            "Info": "Allows VPN IPv4 routes to be advertised to IPv6 transport peers with an IPv6 address as the BGP next hop in cases of route origination or next-hop-self (configured or automatic). It also allows export policies to change the BGP next hop of a VPN IPv4 route to an IPv6 address. All of these cases require the remote peer to advertise the necessary extended NH encoding capability."
        },
        {
            "Parameters": "label-ipv4",
            "Info": "Allows label IPv4 routes to be advertised to IPv6 transport peers with an IPv6 address as the BGP next hop in cases of route origination or next-hop-self (configured or automatic). It also allows export policies to change the BGP next hop of a label IPv4 route to an IPv6 address. All of these cases require the remote peer to advertise the necessary extended NH encoding capability."
        }
    ],
    "Examples": null,
    "ExtraInfo": "Default: no advertise-ipv6-next-hops"
} (Score: 0.4765)
/miniforge/envs/safe/lib/python3.10/site-packages/transformers/generation/configuration_utils.py:590: UserWarning: `do_sample` is set to `False`. However, `temperature` is set to `0.7` -- this flag is only used in sample-based generation modes. You should set `do_sample=True` or unset `temperature`.
  warnings.warn(
/miniforge/envs/safe/lib/python3.10/site-packages/transformers/generation/configuration_utils.py:595: UserWarning: `do_sample` is set to `False`. However, `top_p` is set to `0.8` -- this flag is only used in sample-based generation modes. You should set `do_sample=True` or unset `top_p`.
  warnings.warn(
/miniforge/envs/safe/lib/python3.10/site-packages/transformers/generation/configuration_utils.py:612: UserWarning: `do_sample` is set to `False`. However, `top_k` is set to `20` -- this flag is only used in sample-based generation modes. You should set `do_sample=True` or unset `top_k`.
  warnings.warn(
------------
As a network device expert, please determine whether the following answer correctly responds to the user's question based on the router configuration manual. Only output "Correct" or "Incorrect" without any explanation or additional information. You must make your own judgment based on the Router configuration manual provided to you, not on your own knowledge.
---
## User question:
How to set the BGP-LS domain AS number to 65001 on a Nokia router?
---
## Proposed answer:
Based on the user's request to set the BGP-LS domain AS number to 65001 on a Nokia router, and considering the provided reference content, it appears that the reference does not directly contain a command to configure the BGP-LS domain AS number. However, I can provide you with the relevant configuration steps based on typical BGP-LS configurations:

To configure the BGP-LS domain AS number to 65001, you would typically need to follow these steps:

1. Enter the BGP configuration mode.
2. Define the BGP process.
3. Configure the BGP-LS address family.
4. Set the BGP-LS domain AS number.

Here are the corresponding CLI commands:

```plaintext
config> router bgp
config-router-bgp> address-family l2vpn evpn
config-router-bgp-l2vpn-evpn> domain 65001
```

Note: The exact command syntax might vary slightly depending on the specific Nokia router model and its software version. The above commands are based on a typical BGP-LS configuration and should be adjusted according to the actual router documentation and capabilities. If the `domain` command is not recognized, you may need to refer to the specific BGP-LS configuration section in the Nokia router's official documentation.
---
## Router configuration manual:
CLIs:
domain as <domain-asNum>
undo domain as <domain-asNum>
FuncDef:
The domain as command configures a BGP-LS domain AS number.
The undo domain as command deletes a BGP-LS domain AS number.
By default, a BGP AS number is used as the BGP-LS domain AS number.
ParaDef:
{'Parameters': 'domain-asNum', 'Info': 'Specifies a BGP-LS domain AS number.\nFor an integral BGP-LS domain AS number, the value is an integer ranging from 1 to 4294967295.\nFor a BGP-LS domain AS number in dotted notation, the value is in the format of x.y, where x and y are integers ranging from 1 to 65535 and from 0 to 65535, respectively.'}
---
Please answer Correct or Incorrect.
Your answer:
------------
Correct
------------
  0%|          | 3/4550 [01:12<29:36:29, 23.44s/it]CLI: mpls bgp bfd enable
undo mpls bgp bfd enable (Score: 0.5286)
162
The mpls bgp bfd enable command enables MPLS to dynamically create BGP BFD sessions.
The undo mpls bgp bfd enable command disables MPLS from dynamically creating BGP BFD sessions.
By default, MPLS is disabled from dynamically creating BGP BFD sessions.
DEF: {
    "PageTitle": "bfd-enable",
    "FuncDef": "This command enables the use of bi-directional forwarding (BFD) to control the state of the associated protocol interface. By enabling BFD on a given protocol interface, the state of the protocol interface is tied to the state of the BFD session between the local node and the remote node. The parameters used for the BFD are set via the BFD command under the IP interface.",
    "CLIs": [
        "bfd-enable",
        "no bfd-enable"
    ],
    "ParentView": [
        "config>router>bgp",
        "config>router>bgp>group",
        "config>router>bgp>group>neighbor"
    ],
    "ParaDef": null,
    "Examples": null,
    "ExtraInfo": "Default: no bfd-enable"
} (Score: 0.6509)
DEF: {
    "PageTitle": "enable-peer-tracking",
    "FuncDef": "This command enables BGP peer tracking. BGP peer tracking allows a BGP peer to be dropped immediately if the route used to resolve the BGP peer address is removed from the IP routing table and there is no alternative available. The BGP peer will not wait for the holdtimer to expire; therefore, the BGP re-convergence process is accelerated.",
    "CLIs": [
        "enable-peer-tracking",
        "no enable-peer-tracking"
    ],
    "ParentView": [
        "config>router>bgp",
        "config>router>bgp>group",
        "config>router>bgp>group>neighbor"
    ],
    "ParaDef": null,
    "Examples": null,
    "ExtraInfo": "Default: no enable-peer-tracking"
} (Score: 0.3873)
CLI: mpls bgp bfd enable
undo mpls bgp bfd enable (Score: 0.5286)
1860
The mpls bgp bfd enable command enables MPLS to dynamically create BGP BFD sessions.
The undo mpls bgp bfd enable command disables MPLS from dynamically creating BGP BFD sessions.
By default, MPLS is disabled from dynamically creating BGP BFD sessions.
DEF: {
    "PageTitle": "bfd-enable",
    "FuncDef": "This command enables the use of bi-directional forwarding (BFD) to control the state of the associated protocol interface. By enabling BFD on a given protocol interface, the state of the protocol interface is tied to the state of the BFD session between the local node and the remote node. The parameters used for the BFD are set via the BFD command under the IP interface.",
    "CLIs": [
        "bfd-enable",
        "no bfd-enable"
    ],
    "ParentView": [
        "config>router>bgp",
        "config>router>bgp>group",
        "config>router>bgp>group>neighbor"
    ],
    "ParaDef": null,
    "Examples": null,
    "ExtraInfo": "Default: no bfd-enable"
} (Score: 0.6509)
DEF: {
    "PageTitle": "enable-peer-tracking",
    "FuncDef": "This command enables BGP peer tracking. BGP peer tracking allows a BGP peer to be dropped immediately if the route used to resolve the BGP peer address is removed from the IP routing table and there is no alternative available. The BGP peer will not wait for the holdtimer to expire; therefore, the BGP re-convergence process is accelerated.",
    "CLIs": [
        "enable-peer-tracking",
        "no enable-peer-tracking"
    ],
    "ParentView": [
        "config>router>bgp",
        "config>router>bgp>group",
        "config>router>bgp>group>neighbor"
    ],
    "ParaDef": null,
    "Examples": null,
    "ExtraInfo": "Default: no enable-peer-tracking"
} (Score: 0.3873)
CLI: display bgp l2vpn-ad routing-table vpls statistics (Score: 0.5099)
644
The display bgp l2vpn-ad routing-table vpls statistics command displays statistics information about VPLS routes in the L2VPN-AD address family.
DEF: {
    "PageTitle": "vpn-apply-export",
    "FuncDef": "This command causes the base instance BGP export route policies to be applied to vpn-ipv4/6, mvpn-ipv4/6, l2-vpn, mdt-safi, mcast-vpn-ipv4, and evpn routes.",
    "CLIs": [
        "vpn-apply-export",
        "no vpn-apply-export"
    ],
    "ParentView": [
        "config>router>bgp",
        "config>router>bgp>group",
        "config>router>bgp>group>neighbor"
    ],
    "ParaDef": null,
    "Examples": null,
    "ExtraInfo": "Default: no vpn-apply-export"
} (Score: 0.4834)
DEF: {
    "PageTitle": "advertise-ipv6-next-hops",
    "FuncDef": "This command applies to a BGP session established on top of IPv6; transport, BGP routes belonging to the specified families can be advertised with a true IPv6 address when originated or whennext-hop-self(configured or automatic) is applied.",
    "CLIs": [
        "advertise-ipv6-next-hops [ vpn-ipv6 ] [ label-ipv6 ] [ vpn-ipv4 ] [ label-ipv4 ]",
        "no advertise-ipv6-next-hops"
    ],
    "ParentView": [
        "config>router>bgp",
        "config>router>bgp>group",
        "config>router>bgp>group>neighbor"
    ],
    "ParaDef": [
        {
            "Parameters": "vpn-ipv6",
            "Info": "Allows VPN IPv6 routes to be advertised to IPv6 transport peers with an IPv6 address as the BGP next hop in cases of route origination or next-hop-self (configured or automatic)."
        },
        {
            "Parameters": "label-ipv6",
            "Info": "Allows label IPv6 routes to be advertised to IPv6 transport peers with an IPv6 address as the BGP next hop in cases of route origination or next-hop-self (configured or automatic)."
        },
        {
            "Parameters": "vpn-ipv4",
            "Info": "Allows VPN IPv4 routes to be advertised to IPv6 transport peers with an IPv6 address as the BGP next hop in cases of route origination or next-hop-self (configured or automatic). It also allows export policies to change the BGP next hop of a VPN IPv4 route to an IPv6 address. All of these cases require the remote peer to advertise the necessary extended NH encoding capability."
        },
        {
            "Parameters": "label-ipv4",
            "Info": "Allows label IPv4 routes to be advertised to IPv6 transport peers with an IPv6 address as the BGP next hop in cases of route origination or next-hop-self (configured or automatic). It also allows export policies to change the BGP next hop of a label IPv4 route to an IPv6 address. All of these cases require the remote peer to advertise the necessary extended NH encoding capability."
        }
    ],
    "Examples": null,
    "ExtraInfo": "Default: no advertise-ipv6-next-hops"
} (Score: 0.4828)
CLI: display bgp l2vpn-ad peer verbose
display bgp l2vpn-ad peer <ipv4-address> verbose (Score: 0.5071)
564
The display bgp l2vpn-ad peer verbose command displays detailed information about BGP peers in the L2VPN AD address family.
DEF: {
    "PageTitle": "link-state-import-enable",
    "FuncDef": "This command enables the import of link-state information into the BGP-LS address family for advertisement to other BGP neighbors.",
    "CLIs": [
        "link-state-import-enable",
        "no link-state-import-enable"
    ],
    "ParentView": [
        "config>router>bgp"
    ],
    "ParaDef": null,
    "Examples": null,
    "ExtraInfo": "Default: no link-state-import-enable"
} (Score: 0.5441)
DEF: {
    "PageTitle": "advertise-ipv6-next-hops",
    "FuncDef": "This command applies to a BGP session established on top of IPv6; transport, BGP routes belonging to the specified families can be advertised with a true IPv6 address when originated or whennext-hop-self(configured or automatic) is applied.",
    "CLIs": [
        "advertise-ipv6-next-hops [ vpn-ipv6 ] [ label-ipv6 ] [ vpn-ipv4 ] [ label-ipv4 ]",
        "no advertise-ipv6-next-hops"
    ],
    "ParentView": [
        "config>router>bgp",
        "config>router>bgp>group",
        "config>router>bgp>group>neighbor"
    ],
    "ParaDef": [
        {
            "Parameters": "vpn-ipv6",
            "Info": "Allows VPN IPv6 routes to be advertised to IPv6 transport peers with an IPv6 address as the BGP next hop in cases of route origination or next-hop-self (configured or automatic)."
        },
        {
            "Parameters": "label-ipv6",
            "Info": "Allows label IPv6 routes to be advertised to IPv6 transport peers with an IPv6 address as the BGP next hop in cases of route origination or next-hop-self (configured or automatic)."
        },
        {
            "Parameters": "vpn-ipv4",
            "Info": "Allows VPN IPv4 routes to be advertised to IPv6 transport peers with an IPv6 address as the BGP next hop in cases of route origination or next-hop-self (configured or automatic). It also allows export policies to change the BGP next hop of a VPN IPv4 route to an IPv6 address. All of these cases require the remote peer to advertise the necessary extended NH encoding capability."
        },
        {
            "Parameters": "label-ipv4",
            "Info": "Allows label IPv4 routes to be advertised to IPv6 transport peers with an IPv6 address as the BGP next hop in cases of route origination or next-hop-self (configured or automatic). It also allows export policies to change the BGP next hop of a label IPv4 route to an IPv6 address. All of these cases require the remote peer to advertise the necessary extended NH encoding capability."
        }
    ],
    "Examples": null,
    "ExtraInfo": "Default: no advertise-ipv6-next-hops"
} (Score: 0.5416)
CLI: display bgp l2vpn-ad peer
display bgp l2vpn-ad slow-peer (Score: 0.4982)
565
The display bgp l2vpn-ad peer command displays information about BGP peers in the L2VPN AD address family.
The display bgp l2vpn-ad slow-peer command displays information about slow BGP peers in the L2VPN AD address family.
DEF: {
    "PageTitle": "advertise-ipv6-next-hops",
    "FuncDef": "This command applies to a BGP session established on top of IPv6; transport, BGP routes belonging to the specified families can be advertised with a true IPv6 address when originated or whennext-hop-self(configured or automatic) is applied.",
    "CLIs": [
        "advertise-ipv6-next-hops [ vpn-ipv6 ] [ label-ipv6 ] [ vpn-ipv4 ] [ label-ipv4 ]",
        "no advertise-ipv6-next-hops"
    ],
    "ParentView": [
        "config>router>bgp",
        "config>router>bgp>group",
        "config>router>bgp>group>neighbor"
    ],
    "ParaDef": [
        {
            "Parameters": "vpn-ipv6",
            "Info": "Allows VPN IPv6 routes to be advertised to IPv6 transport peers with an IPv6 address as the BGP next hop in cases of route origination or next-hop-self (configured or automatic)."
        },
        {
            "Parameters": "label-ipv6",
            "Info": "Allows label IPv6 routes to be advertised to IPv6 transport peers with an IPv6 address as the BGP next hop in cases of route origination or next-hop-self (configured or automatic)."
        },
        {
            "Parameters": "vpn-ipv4",
            "Info": "Allows VPN IPv4 routes to be advertised to IPv6 transport peers with an IPv6 address as the BGP next hop in cases of route origination or next-hop-self (configured or automatic). It also allows export policies to change the BGP next hop of a VPN IPv4 route to an IPv6 address. All of these cases require the remote peer to advertise the necessary extended NH encoding capability."
        },
        {
            "Parameters": "label-ipv4",
            "Info": "Allows label IPv4 routes to be advertised to IPv6 transport peers with an IPv6 address as the BGP next hop in cases of route origination or next-hop-self (configured or automatic). It also allows export policies to change the BGP next hop of a label IPv4 route to an IPv6 address. All of these cases require the remote peer to advertise the necessary extended NH encoding capability."
        }
    ],
    "Examples": null,
    "ExtraInfo": "Default: no advertise-ipv6-next-hops"
} (Score: 0.4854)
DEF: {
    "PageTitle": "link-state-import-enable",
    "FuncDef": "This command enables the import of link-state information into the BGP-LS address family for advertisement to other BGP neighbors.",
    "CLIs": [
        "link-state-import-enable",
        "no link-state-import-enable"
    ],
    "ParentView": [
        "config>router>bgp"
    ],
    "ParaDef": null,
    "Examples": null,
    "ExtraInfo": "Default: no link-state-import-enable"
} (Score: 0.4792)
/miniforge/envs/safe/lib/python3.10/site-packages/transformers/generation/configuration_utils.py:590: UserWarning: `do_sample` is set to `False`. However, `temperature` is set to `0.7` -- this flag is only used in sample-based generation modes. You should set `do_sample=True` or unset `temperature`.
  warnings.warn(
/miniforge/envs/safe/lib/python3.10/site-packages/transformers/generation/configuration_utils.py:595: UserWarning: `do_sample` is set to `False`. However, `top_p` is set to `0.8` -- this flag is only used in sample-based generation modes. You should set `do_sample=True` or unset `top_p`.
  warnings.warn(
/miniforge/envs/safe/lib/python3.10/site-packages/transformers/generation/configuration_utils.py:612: UserWarning: `do_sample` is set to `False`. However, `top_k` is set to `20` -- this flag is only used in sample-based generation modes. You should set `do_sample=True` or unset `top_k`.
  warnings.warn(
------------
As a network device expert, please determine whether the following answer correctly responds to the user's question based on the router configuration manual. Only output "Correct" or "Incorrect" without any explanation or additional information. You must make your own judgment based on the Router configuration manual provided to you, not on your own knowledge.
---
## User question:
"In Nokia routers, how to set the BGP-LS domain AS number to 65001 in dotted notation format?"
---
## Proposed answer:
Based on the user's request to set the BGP-LS domain AS number to 65001 in dotted notation format, it appears that the provided reference content does not contain the specific command to configure the BGP-LS domain AS number. However, I can provide you with a common approach to setting the BGP AS number in a typical BGP configuration, which might be applicable in this context:

```plaintext
config>router>bgp
    bgp as 65001
```

This command sets the BGP Autonomous System (AS) number to 65001. If BGP-LS (BGP Link-State) is a specific feature or module within the BGP configuration, you would typically configure it similarly, but the exact command might differ based on the vendor-specific implementation.

Since the reference content does not include a direct command for BGP-LS AS number configuration, the above command is a general approach to setting the BGP AS number. If you need more specific commands for BGP-LS configuration, please refer to the detailed documentation provided by Nokia or consult their support resources.
---
## Router configuration manual:
CLIs:
domain as <domain-asNum>
undo domain as <domain-asNum>
FuncDef:
The domain as command configures a BGP-LS domain AS number.
The undo domain as command deletes a BGP-LS domain AS number.
By default, a BGP AS number is used as the BGP-LS domain AS number.
ParaDef:
{'Parameters': 'domain-asNum', 'Info': 'Specifies a BGP-LS domain AS number.\nFor an integral BGP-LS domain AS number, the value is an integer ranging from 1 to 4294967295.\nFor a BGP-LS domain AS number in dotted notation, the value is in the format of x.y, where x and y are integers ranging from 1 to 65535 and from 0 to 65535, respectively.'}
---
Please answer Correct or Incorrect.
Your answer:
------------
Incorrect
------------
  0%|          | 4/4550 [01:32<28:04:30, 22.23s/it]CLI: display bgp remote prefix-sid (Score: 0.4048)
614
The display bgp remote prefix-sid command displays the mappings between remote prefix SIDs, End.M locator routes, and local VPN instances.
DEF: {
    "PageTitle": "transport-tunnel",
    "FuncDef": "This command enables the context to configure options for the next-hop resolution of BGP labeled routes (VPN-IP and labeled-unicast) using tunnels in TTM. The context allows the selection of different tunnel resolution options for different types of BGP labeled routes: label-unicast IPv4, label-unicast IPv6, and VPN-IP routes (both VPN-IPv4 and VPN-IPv6).",
    "CLIs": [
        "transport-tunnel"
    ],
    "ParentView": [
        "config>router>bgp>next-hop-res>labeled-routes"
    ],
    "ParaDef": null,
    "Examples": null,
    "ExtraInfo": ""
} (Score: 0.5518)
DEF: {
    "PageTitle": "prefix",
    "FuncDef": "This command configures a prefix from which to accept dynamic BGP sessions; particularly, sessions from source IP addresses not matching any configured neighbor addresses. A dynamic session is associated with the group having the longest match prefix entry for the source IP address of the peer. The group association determines local parameters that apply to the session, including the local AS, the local IP address, the peer AS, the MP-BGP families, the import and export policies, and so on.",
    "CLIs": [
        "prefix <ip-prefix/prefix-length>",
        "no prefix <ip-prefix/prefix-length>"
    ],
    "ParentView": [
        "config>router>bgp>group>dynamic-neighbor"
    ],
    "ParaDef": [
        {
            "Parameters": "ip-prefix/prefix-length",
            "Info": "Specifies a prefix from which to accept dynamic BGP sessions. Values-ipv4-prefix - a.b.c.d (host bits must be 0)."
        }
    ],
    "Examples": null,
    "ExtraInfo": ""
} (Score: 0.5433)
CLI: mpls bgp bfd-trigger-tunnel { host | ip-prefix <ip-prefix-name> }
undo mpls bgp bfd-trigger-tunnel (Score: 0.3942)
164
The mpls bgp bfd-trigger-tunnel command configures a policy used to establish BGP BFD sessions.
The undo mpls bgp bfd-trigger-tunnel command deletes a policy used to establish BGP BFD sessions.
By default, no policy used to establish BGP BFD sessions is configured.
DEF: {
    "PageTitle": "bfd-enable",
    "FuncDef": "This command enables the use of bi-directional forwarding (BFD) to control the state of the associated protocol interface. By enabling BFD on a given protocol interface, the state of the protocol interface is tied to the state of the BFD session between the local node and the remote node. The parameters used for the BFD are set via the BFD command under the IP interface.",
    "CLIs": [
        "bfd-enable",
        "no bfd-enable"
    ],
    "ParentView": [
        "config>router>bgp",
        "config>router>bgp>group",
        "config>router>bgp>group>neighbor"
    ],
    "ParaDef": null,
    "Examples": null,
    "ExtraInfo": "Default: no bfd-enable"
} (Score: 0.6983)
DEF: {
    "PageTitle": "sr-ospf",
    "FuncDef": "This command selects the Segment Routing (SR) tunnel type programmed by an OSPF instance in TTM for next-hop resolution of BGP routes and labeled routes. This option allows BGP to use the segment routing tunnel in the tunnel table submitted by the lowest preference OSPF instance or, in case of a tie, the lowest numbered OSPF instance.",
    "CLIs": [
        "sr-ospf",
        "no sr-ospf"
    ],
    "ParentView": [
        "config>router>bgp>next-hop-resolution>shortcut-tunn>family>resolution-filter",
        "config>router>bgp>next-hop-resolution>labeled-routes>transport-tunnel>family>resolution-filter"
    ],
    "ParaDef": null,
    "Examples": null,
    "ExtraInfo": ""
} (Score: 0.4436)
CLI: mpls bgp bfd-trigger-tunnel { host | ip-prefix <ip-prefix-name> }
undo mpls bgp bfd-trigger-tunnel (Score: 0.3942)
1862
The mpls bgp bfd-trigger-tunnel command configures a policy used to establish BGP BFD sessions.
The undo mpls bgp bfd-trigger-tunnel command deletes a policy used to establish BGP BFD sessions.
By default, no policy used to establish BGP BFD sessions is configured.
DEF: {
    "PageTitle": "bfd-enable",
    "FuncDef": "This command enables the use of bi-directional forwarding (BFD) to control the state of the associated protocol interface. By enabling BFD on a given protocol interface, the state of the protocol interface is tied to the state of the BFD session between the local node and the remote node. The parameters used for the BFD are set via the BFD command under the IP interface.",
    "CLIs": [
        "bfd-enable",
        "no bfd-enable"
    ],
    "ParentView": [
        "config>router>bgp",
        "config>router>bgp>group",
        "config>router>bgp>group>neighbor"
    ],
    "ParaDef": null,
    "Examples": null,
    "ExtraInfo": "Default: no bfd-enable"
} (Score: 0.6983)
DEF: {
    "PageTitle": "sr-ospf",
    "FuncDef": "This command selects the Segment Routing (SR) tunnel type programmed by an OSPF instance in TTM for next-hop resolution of BGP routes and labeled routes. This option allows BGP to use the segment routing tunnel in the tunnel table submitted by the lowest preference OSPF instance or, in case of a tie, the lowest numbered OSPF instance.",
    "CLIs": [
        "sr-ospf",
        "no sr-ospf"
    ],
    "ParentView": [
        "config>router>bgp>next-hop-resolution>shortcut-tunn>family>resolution-filter",
        "config>router>bgp>next-hop-resolution>labeled-routes>transport-tunnel>family>resolution-filter"
    ],
    "ParaDef": null,
    "Examples": null,
    "ExtraInfo": ""
} (Score: 0.4436)
CLI: mpls bgp bfd enable
undo mpls bgp bfd enable (Score: 0.3884)
162
The mpls bgp bfd enable command enables MPLS to dynamically create BGP BFD sessions.
The undo mpls bgp bfd enable command disables MPLS from dynamically creating BGP BFD sessions.
By default, MPLS is disabled from dynamically creating BGP BFD sessions.
DEF: {
    "PageTitle": "bfd-enable",
    "FuncDef": "This command enables the use of bi-directional forwarding (BFD) to control the state of the associated protocol interface. By enabling BFD on a given protocol interface, the state of the protocol interface is tied to the state of the BFD session between the local node and the remote node. The parameters used for the BFD are set via the BFD command under the IP interface.",
    "CLIs": [
        "bfd-enable",
        "no bfd-enable"
    ],
    "ParentView": [
        "config>router>bgp",
        "config>router>bgp>group",
        "config>router>bgp>group>neighbor"
    ],
    "ParaDef": null,
    "Examples": null,
    "ExtraInfo": "Default: no bfd-enable"
} (Score: 0.6509)
DEF: {
    "PageTitle": "enable-peer-tracking",
    "FuncDef": "This command enables BGP peer tracking. BGP peer tracking allows a BGP peer to be dropped immediately if the route used to resolve the BGP peer address is removed from the IP routing table and there is no alternative available. The BGP peer will not wait for the holdtimer to expire; therefore, the BGP re-convergence process is accelerated.",
    "CLIs": [
        "enable-peer-tracking",
        "no enable-peer-tracking"
    ],
    "ParentView": [
        "config>router>bgp",
        "config>router>bgp>group",
        "config>router>bgp>group>neighbor"
    ],
    "ParaDef": null,
    "Examples": null,
    "ExtraInfo": "Default: no enable-peer-tracking"
} (Score: 0.3873)
CLI: mpls bgp bfd enable
undo mpls bgp bfd enable (Score: 0.3884)
1860
The mpls bgp bfd enable command enables MPLS to dynamically create BGP BFD sessions.
The undo mpls bgp bfd enable command disables MPLS from dynamically creating BGP BFD sessions.
By default, MPLS is disabled from dynamically creating BGP BFD sessions.
DEF: {
    "PageTitle": "bfd-enable",
    "FuncDef": "This command enables the use of bi-directional forwarding (BFD) to control the state of the associated protocol interface. By enabling BFD on a given protocol interface, the state of the protocol interface is tied to the state of the BFD session between the local node and the remote node. The parameters used for the BFD are set via the BFD command under the IP interface.",
    "CLIs": [
        "bfd-enable",
        "no bfd-enable"
    ],
    "ParentView": [
        "config>router>bgp",
        "config>router>bgp>group",
        "config>router>bgp>group>neighbor"
    ],
    "ParaDef": null,
    "Examples": null,
    "ExtraInfo": "Default: no bfd-enable"
} (Score: 0.6509)
DEF: {
    "PageTitle": "enable-peer-tracking",
    "FuncDef": "This command enables BGP peer tracking. BGP peer tracking allows a BGP peer to be dropped immediately if the route used to resolve the BGP peer address is removed from the IP routing table and there is no alternative available. The BGP peer will not wait for the holdtimer to expire; therefore, the BGP re-convergence process is accelerated.",
    "CLIs": [
        "enable-peer-tracking",
        "no enable-peer-tracking"
    ],
    "ParentView": [
        "config>router>bgp",
        "config>router>bgp>group",
        "config>router>bgp>group>neighbor"
    ],
    "ParaDef": null,
    "Examples": null,
    "ExtraInfo": "Default: no enable-peer-tracking"
} (Score: 0.3873)
/miniforge/envs/safe/lib/python3.10/site-packages/transformers/generation/configuration_utils.py:590: UserWarning: `do_sample` is set to `False`. However, `temperature` is set to `0.7` -- this flag is only used in sample-based generation modes. You should set `do_sample=True` or unset `temperature`.
  warnings.warn(
/miniforge/envs/safe/lib/python3.10/site-packages/transformers/generation/configuration_utils.py:595: UserWarning: `do_sample` is set to `False`. However, `top_p` is set to `0.8` -- this flag is only used in sample-based generation modes. You should set `do_sample=True` or unset `top_p`.
  warnings.warn(
/miniforge/envs/safe/lib/python3.10/site-packages/transformers/generation/configuration_utils.py:612: UserWarning: `do_sample` is set to `False`. However, `top_k` is set to `20` -- this flag is only used in sample-based generation modes. You should set `do_sample=True` or unset `top_k`.
  warnings.warn(
------------
As a network device expert, please determine whether the following answer correctly responds to the user's question based on the router configuration manual. Only output "Correct" or "Incorrect" without any explanation or additional information. You must make your own judgment based on the Router configuration manual provided to you, not on your own knowledge.
---
## User question:
In Nokia routers, how to set the BGP-LS domain ID to 192.168.10.5?
---
## Proposed answer:
Based on the provided reference content, none of the commands listed directly pertain to setting the BGP-LS domain ID. The reference content focuses on configuring options for next-hop resolution, OSPF integration with BGP, dynamic neighbor prefixes, BFD enablement, and BGP peer tracking. 

To set the BGP-LS domain ID, you would typically look for a command related to BGP-LS configuration, but such a command is not present in the provided reference content. Therefore, based on the given information, it is not possible to generate the required CLI configuration commands to set the BGP-LS domain ID to 192.168.10.5.

If you have additional documentation or specific commands for BGP-LS configuration in Nokia routers, please provide them, and I can assist further.
---
## Router configuration manual:
CLIs:
domain identifier <domain-id>
undo domain identifier <domain-id>
FuncDef:
The domain identifier command configures a BGP-LS domain ID.
The undo domain identifier command deletes a BGP-LS domain ID.
By default, a BGP router ID is used as the BGP-LS domain ID.
ParaDef:
{'Parameters': 'domain-id', 'Info': 'Specifies a BGP-LS domain ID.\nThe value is in the IPv4 address format.'}
---
Please answer Correct or Incorrect.
Your answer:
------------
Incorrect
------------
  0%|          | 5/4550 [01:47<24:38:39, 19.52s/it]CLI: display bgp l2vpn-ad routing-table vpls
display bgp l2vpn-ad routing-table vpls route-distinguisher <route-distinguisher> [ site-id <site-id> ]
display bgp l2vpn-ad routing-table peer <ipv4-address> received-routes vpls (Score: 0.5152)
643
The display bgp l2vpn-ad routing-table vpls command displays VPLS route information in the L2VPN-AD address family.
DEF: {
    "PageTitle": "rsvp",
    "FuncDef": "This command selects RSVP tunneling for next-hop resolution and specifies RSVP tunnels in a tunnel table to IPv4 destinations. This option allows BGP to use the best metric RSVP LSP to the address of the BGP next hop. This address can correspond to the system interface or to another loopback interface of the remote BGP router. In the case of multiple RSVP LSPs with the same lowest metric, BGP selects the LSP with the lowest tunnel ID.",
    "CLIs": [
        "rsvp",
        "no rsvp"
    ],
    "ParentView": [
        "config>router>bgp>next-hop-resolution>shortcut-tunn>family>resolution-filter",
        "config>router>bgp>next-hop-resolution>labeled-routes>transport-tunnel>family>resolution-filter"
    ],
    "ParaDef": null,
    "Examples": null,
    "ExtraInfo": ""
} (Score: 0.4954)
DEF: {
    "PageTitle": "advertise-ipv6-next-hops",
    "FuncDef": "This command applies to a BGP session established on top of IPv6; transport, BGP routes belonging to the specified families can be advertised with a true IPv6 address when originated or whennext-hop-self(configured or automatic) is applied.",
    "CLIs": [
        "advertise-ipv6-next-hops [ vpn-ipv6 ] [ label-ipv6 ] [ vpn-ipv4 ] [ label-ipv4 ]",
        "no advertise-ipv6-next-hops"
    ],
    "ParentView": [
        "config>router>bgp",
        "config>router>bgp>group",
        "config>router>bgp>group>neighbor"
    ],
    "ParaDef": [
        {
            "Parameters": "vpn-ipv6",
            "Info": "Allows VPN IPv6 routes to be advertised to IPv6 transport peers with an IPv6 address as the BGP next hop in cases of route origination or next-hop-self (configured or automatic)."
        },
        {
            "Parameters": "label-ipv6",
            "Info": "Allows label IPv6 routes to be advertised to IPv6 transport peers with an IPv6 address as the BGP next hop in cases of route origination or next-hop-self (configured or automatic)."
        },
        {
            "Parameters": "vpn-ipv4",
            "Info": "Allows VPN IPv4 routes to be advertised to IPv6 transport peers with an IPv6 address as the BGP next hop in cases of route origination or next-hop-self (configured or automatic). It also allows export policies to change the BGP next hop of a VPN IPv4 route to an IPv6 address. All of these cases require the remote peer to advertise the necessary extended NH encoding capability."
        },
        {
            "Parameters": "label-ipv4",
            "Info": "Allows label IPv4 routes to be advertised to IPv6 transport peers with an IPv6 address as the BGP next hop in cases of route origination or next-hop-self (configured or automatic). It also allows export policies to change the BGP next hop of a label IPv4 route to an IPv6 address. All of these cases require the remote peer to advertise the necessary extended NH encoding capability."
        }
    ],
    "Examples": null,
    "ExtraInfo": "Default: no advertise-ipv6-next-hops"
} (Score: 0.4887)
CLI: display bgp l2vpn-ad routing-table vpws
display bgp l2vpn-ad routing-table vpws route-distinguisher <route-distinguisher> [ ce-id <ce-id> ]
display bgp l2vpn-ad routing-table peer <ipv4-address> received-routes vpws (Score: 0.4966)
675
The display bgp l2vpn-ad routing-table vpws command displays statistics about VPWS routes in the BGP L2VPN-AD routing table.
DEF: {
    "PageTitle": "vpn-apply-export",
    "FuncDef": "This command causes the base instance BGP export route policies to be applied to vpn-ipv4/6, mvpn-ipv4/6, l2-vpn, mdt-safi, mcast-vpn-ipv4, and evpn routes.",
    "CLIs": [
        "vpn-apply-export",
        "no vpn-apply-export"
    ],
    "ParentView": [
        "config>router>bgp",
        "config>router>bgp>group",
        "config>router>bgp>group>neighbor"
    ],
    "ParaDef": null,
    "Examples": null,
    "ExtraInfo": "Default: no vpn-apply-export"
} (Score: 0.4609)
DEF: {
    "PageTitle": "sr-ospf",
    "FuncDef": "This command selects the Segment Routing (SR) tunnel type programmed by an OSPF instance in TTM for next-hop resolution of BGP routes and labeled routes. This option allows BGP to use the segment routing tunnel in the tunnel table submitted by the lowest preference OSPF instance or, in case of a tie, the lowest numbered OSPF instance.",
    "CLIs": [
        "sr-ospf",
        "no sr-ospf"
    ],
    "ParentView": [
        "config>router>bgp>next-hop-resolution>shortcut-tunn>family>resolution-filter",
        "config>router>bgp>next-hop-resolution>labeled-routes>transport-tunnel>family>resolution-filter"
    ],
    "ParaDef": null,
    "Examples": null,
    "ExtraInfo": ""
} (Score: 0.4568)
CLI: mpls bgp bfd-trigger-tunnel { host | ip-prefix <ip-prefix-name> }
undo mpls bgp bfd-trigger-tunnel (Score: 0.4903)
1862
The mpls bgp bfd-trigger-tunnel command configures a policy used to establish BGP BFD sessions.
The undo mpls bgp bfd-trigger-tunnel command deletes a policy used to establish BGP BFD sessions.
By default, no policy used to establish BGP BFD sessions is configured.
DEF: {
    "PageTitle": "bfd-enable",
    "FuncDef": "This command enables the use of bi-directional forwarding (BFD) to control the state of the associated protocol interface. By enabling BFD on a given protocol interface, the state of the protocol interface is tied to the state of the BFD session between the local node and the remote node. The parameters used for the BFD are set via the BFD command under the IP interface.",
    "CLIs": [
        "bfd-enable",
        "no bfd-enable"
    ],
    "ParentView": [
        "config>router>bgp",
        "config>router>bgp>group",
        "config>router>bgp>group>neighbor"
    ],
    "ParaDef": null,
    "Examples": null,
    "ExtraInfo": "Default: no bfd-enable"
} (Score: 0.6983)
DEF: {
    "PageTitle": "sr-ospf",
    "FuncDef": "This command selects the Segment Routing (SR) tunnel type programmed by an OSPF instance in TTM for next-hop resolution of BGP routes and labeled routes. This option allows BGP to use the segment routing tunnel in the tunnel table submitted by the lowest preference OSPF instance or, in case of a tie, the lowest numbered OSPF instance.",
    "CLIs": [
        "sr-ospf",
        "no sr-ospf"
    ],
    "ParentView": [
        "config>router>bgp>next-hop-resolution>shortcut-tunn>family>resolution-filter",
        "config>router>bgp>next-hop-resolution>labeled-routes>transport-tunnel>family>resolution-filter"
    ],
    "ParaDef": null,
    "Examples": null,
    "ExtraInfo": ""
} (Score: 0.4436)
CLI: mpls bgp bfd-trigger-tunnel { host | ip-prefix <ip-prefix-name> }
undo mpls bgp bfd-trigger-tunnel (Score: 0.4903)
164
The mpls bgp bfd-trigger-tunnel command configures a policy used to establish BGP BFD sessions.
The undo mpls bgp bfd-trigger-tunnel command deletes a policy used to establish BGP BFD sessions.
By default, no policy used to establish BGP BFD sessions is configured.
DEF: {
    "PageTitle": "bfd-enable",
    "FuncDef": "This command enables the use of bi-directional forwarding (BFD) to control the state of the associated protocol interface. By enabling BFD on a given protocol interface, the state of the protocol interface is tied to the state of the BFD session between the local node and the remote node. The parameters used for the BFD are set via the BFD command under the IP interface.",
    "CLIs": [
        "bfd-enable",
        "no bfd-enable"
    ],
    "ParentView": [
        "config>router>bgp",
        "config>router>bgp>group",
        "config>router>bgp>group>neighbor"
    ],
    "ParaDef": null,
    "Examples": null,
    "ExtraInfo": "Default: no bfd-enable"
} (Score: 0.6983)
DEF: {
    "PageTitle": "sr-ospf",
    "FuncDef": "This command selects the Segment Routing (SR) tunnel type programmed by an OSPF instance in TTM for next-hop resolution of BGP routes and labeled routes. This option allows BGP to use the segment routing tunnel in the tunnel table submitted by the lowest preference OSPF instance or, in case of a tie, the lowest numbered OSPF instance.",
    "CLIs": [
        "sr-ospf",
        "no sr-ospf"
    ],
    "ParentView": [
        "config>router>bgp>next-hop-resolution>shortcut-tunn>family>resolution-filter",
        "config>router>bgp>next-hop-resolution>labeled-routes>transport-tunnel>family>resolution-filter"
    ],
    "ParaDef": null,
    "Examples": null,
    "ExtraInfo": ""
} (Score: 0.4436)
CLI: display bgp l2vpn-ad routing-table peer <ipv4-address> advertised-routes [ vpls-ad ]
display bgp l2vpn-ad routing-table peer <ipv4-address> advertised-routes vpls
display bgp l2vpn-ad routing-table peer <ipv4-address> advertised-routes vpws (Score: 0.4882)
566
The display bgp l2vpn-ad routing-table peer advertised-routes command displays the BGP L2VPN-AD routes advertised to the specified peer.
The display bgp l2vpn-ad routing-table peer advertised-routes vpls command displays statistics about VPLS routes advertised to the specified peer.
The display bgp l2vpn-ad routing-table peer advertised-routes vpws command displays statistics about VPWS routes advertised to the specified peer.
DEF: {
    "PageTitle": "advertise-inactive",
    "FuncDef": "This command enables the advertising of inactive BGP routes to other BGP peers. By default, BGP only advertises BGP routes to other BGP peers if a given BGP route is chosen by the route table manager as the most preferred route within the system and is active in the forwarding plane. This command allows system administrators to advertise a BGP route even though it is not the most preferred route within the system for a given destination.",
    "CLIs": [
        "advertise-inactive",
        "no advertise-inactive"
    ],
    "ParentView": [
        "config>router>bgp",
        "config>router>bgp>group",
        "config>router>bgp>group>neighbor"
    ],
    "ParaDef": null,
    "Examples": null,
    "ExtraInfo": "Default: no advertise-inactive"
} (Score: 0.5069)
DEF: {
    "PageTitle": "advertise-ipv6-next-hops",
    "FuncDef": "This command applies to a BGP session established on top of IPv6; transport, BGP routes belonging to the specified families can be advertised with a true IPv6 address when originated or whennext-hop-self(configured or automatic) is applied.",
    "CLIs": [
        "advertise-ipv6-next-hops [ vpn-ipv6 ] [ label-ipv6 ] [ vpn-ipv4 ] [ label-ipv4 ]",
        "no advertise-ipv6-next-hops"
    ],
    "ParentView": [
        "config>router>bgp",
        "config>router>bgp>group",
        "config>router>bgp>group>neighbor"
    ],
    "ParaDef": [
        {
            "Parameters": "vpn-ipv6",
            "Info": "Allows VPN IPv6 routes to be advertised to IPv6 transport peers with an IPv6 address as the BGP next hop in cases of route origination or next-hop-self (configured or automatic)."
        },
        {
            "Parameters": "label-ipv6",
            "Info": "Allows label IPv6 routes to be advertised to IPv6 transport peers with an IPv6 address as the BGP next hop in cases of route origination or next-hop-self (configured or automatic)."
        },
        {
            "Parameters": "vpn-ipv4",
            "Info": "Allows VPN IPv4 routes to be advertised to IPv6 transport peers with an IPv6 address as the BGP next hop in cases of route origination or next-hop-self (configured or automatic). It also allows export policies to change the BGP next hop of a VPN IPv4 route to an IPv6 address. All of these cases require the remote peer to advertise the necessary extended NH encoding capability."
        },
        {
            "Parameters": "label-ipv4",
            "Info": "Allows label IPv4 routes to be advertised to IPv6 transport peers with an IPv6 address as the BGP next hop in cases of route origination or next-hop-self (configured or automatic). It also allows export policies to change the BGP next hop of a label IPv4 route to an IPv6 address. All of these cases require the remote peer to advertise the necessary extended NH encoding capability."
        }
    ],
    "Examples": null,
    "ExtraInfo": "Default: no advertise-ipv6-next-hops"
} (Score: 0.4765)
/miniforge/envs/safe/lib/python3.10/site-packages/transformers/generation/configuration_utils.py:590: UserWarning: `do_sample` is set to `False`. However, `temperature` is set to `0.7` -- this flag is only used in sample-based generation modes. You should set `do_sample=True` or unset `temperature`.
  warnings.warn(
/miniforge/envs/safe/lib/python3.10/site-packages/transformers/generation/configuration_utils.py:595: UserWarning: `do_sample` is set to `False`. However, `top_p` is set to `0.8` -- this flag is only used in sample-based generation modes. You should set `do_sample=True` or unset `top_p`.
  warnings.warn(
/miniforge/envs/safe/lib/python3.10/site-packages/transformers/generation/configuration_utils.py:612: UserWarning: `do_sample` is set to `False`. However, `top_k` is set to `20` -- this flag is only used in sample-based generation modes. You should set `do_sample=True` or unset `top_k`.
  warnings.warn(
------------
As a network device expert, please determine whether the following answer correctly responds to the user's question based on the router configuration manual. Only output "Correct" or "Incorrect" without any explanation or additional information. You must make your own judgment based on the Router configuration manual provided to you, not on your own knowledge.
---
## User question:
How to configure a BGP-LS domain ID with the value 192.168.10.5 on a Nokia router?
---
## Proposed answer:
Based on the user's request to configure a BGP-LS domain ID with the value `192.168.10.5` on a Nokia router, none of the provided commands in the reference content directly relate to configuring a BGP-LS domain ID. The commands listed pertain to various BGP-related functionalities such as advertising inactive routes, applying export policies, RSVP tunneling, BFD enablement, and IPv6 next-hop advertisement. 

Since there is no specific command mentioned in the provided reference content for configuring a BGP-LS domain ID, it appears that the required configuration might be outside the scope of the commands listed. Typically, BGP-LS (BGP Link-State) configurations involve setting up BGP neighbors and specifying the domain ID in the BGP neighbor configuration.

However, based on common BGP-LS configurations, you would typically configure the BGP-LS domain ID as part of the BGP neighbor configuration. Here is an example of how you might configure this, assuming the reference content does not cover this specific functionality:

```plaintext
config>router>bgp
  neighbor 192.168.10.5
    bgp-ls domain-id 192.168.10.5
```

If the `bgp-ls domain-id` command is not available in the provided reference content, you may need to refer to the official Nokia router documentation or contact Nokia support for the exact syntax and commands needed to configure a BGP-LS domain ID.
---
## Router configuration manual:
CLIs:
domain identifier <domain-id>
undo domain identifier <domain-id>
FuncDef:
The domain identifier command configures a BGP-LS domain ID.
The undo domain identifier command deletes a BGP-LS domain ID.
By default, a BGP router ID is used as the BGP-LS domain ID.
ParaDef:
{'Parameters': 'domain-id', 'Info': 'Specifies a BGP-LS domain ID.\nThe value is in the IPv4 address format.'}
---
Please answer Correct or Incorrect.
Your answer:
------------
Incorrect
------------
  0%|          | 6/4550 [02:12<26:45:22, 21.20s/it]CLI: display bgp ipv6 bfd session vpnv6 vpn-instance <vpn-instance-name> peer <ipv6-address> (Score: 0.5318)
545
The display bgp ipv6 bfd session vpnv6 vpn-instance peer command displays information about BFD sessions in vpn instances between BGP peers.
DEF: {
    "PageTitle": "bfd-enable",
    "FuncDef": "This command enables the use of bi-directional forwarding (BFD) to control the state of the associated protocol interface. By enabling BFD on a given protocol interface, the state of the protocol interface is tied to the state of the BFD session between the local node and the remote node. The parameters used for the BFD are set via the BFD command under the IP interface.",
    "CLIs": [
        "bfd-enable",
        "no bfd-enable"
    ],
    "ParentView": [
        "config>router>bgp",
        "config>router>bgp>group",
        "config>router>bgp>group>neighbor"
    ],
    "ParaDef": null,
    "Examples": null,
    "ExtraInfo": "Default: no bfd-enable"
} (Score: 0.5918)
DEF: {
    "PageTitle": "advertise-ipv6-next-hops",
    "FuncDef": "This command applies to a BGP session established on top of IPv6; transport, BGP routes belonging to the specified families can be advertised with a true IPv6 address when originated or whennext-hop-self(configured or automatic) is applied.",
    "CLIs": [
        "advertise-ipv6-next-hops [ vpn-ipv6 ] [ label-ipv6 ] [ vpn-ipv4 ] [ label-ipv4 ]",
        "no advertise-ipv6-next-hops"
    ],
    "ParentView": [
        "config>router>bgp",
        "config>router>bgp>group",
        "config>router>bgp>group>neighbor"
    ],
    "ParaDef": [
        {
            "Parameters": "vpn-ipv6",
            "Info": "Allows VPN IPv6 routes to be advertised to IPv6 transport peers with an IPv6 address as the BGP next hop in cases of route origination or next-hop-self (configured or automatic)."
        },
        {
            "Parameters": "label-ipv6",
            "Info": "Allows label IPv6 routes to be advertised to IPv6 transport peers with an IPv6 address as the BGP next hop in cases of route origination or next-hop-self (configured or automatic)."
        },
        {
            "Parameters": "vpn-ipv4",
            "Info": "Allows VPN IPv4 routes to be advertised to IPv6 transport peers with an IPv6 address as the BGP next hop in cases of route origination or next-hop-self (configured or automatic). It also allows export policies to change the BGP next hop of a VPN IPv4 route to an IPv6 address. All of these cases require the remote peer to advertise the necessary extended NH encoding capability."
        },
        {
            "Parameters": "label-ipv4",
            "Info": "Allows label IPv4 routes to be advertised to IPv6 transport peers with an IPv6 address as the BGP next hop in cases of route origination or next-hop-self (configured or automatic). It also allows export policies to change the BGP next hop of a label IPv4 route to an IPv6 address. All of these cases require the remote peer to advertise the necessary extended NH encoding capability."
        }
    ],
    "Examples": null,
    "ExtraInfo": "Default: no advertise-ipv6-next-hops"
} (Score: 0.5609)
CLI: display mpls lsp asbr [ nexthop { <nexthop-addr> | <nexthop6-addr> } ] [ verbose ]
display mpls lsp protocol bgp [ nexthop { <nexthop-addr> | <nexthop6-addr> } ] [ verbose ]
display mpls lsp protocol bgp-ipv6 [ nexthop { <nexthop-addr> | <nexthop6-addr> } ] [ verbose ]
display mpls lsp protocol bgp exclude { <fec-prefix> <fec-prefix-length> | <fec6-prefix> <fec6-prefix-length> } [ lsr-role { egress | ingress | transit } ] [ verbose ]
display mpls lsp protocol bgp include { <fec-prefix> <fec-prefix-length> | <fec6-prefix> <fec6-prefix-length> } [ lsr-role { egress | ingress | transit } ] [ verbose ]
display mpls lsp protocol bgp [ nexthop { <nexthop-addr> | <nexthop6-addr> } ] lsr-role { egress | ingress | transit } [ verbose ]
display mpls lsp protocol bgp-ipv6 exclude { <fec-prefix> <fec-prefix-length> | <fec6-prefix> <fec6-prefix-length> } [ lsr-role { egress | ingress | transit } ] [ verbose ]
display mpls lsp protocol bgp-ipv6 include { <fec-prefix> <fec-prefix-length> | <fec6-prefix> <fec6-prefix-length> } [ lsr-role { egress | ingress | transit } ] [ verbose ]
display mpls lsp protocol bgp-ipv6 [ nexthop { <nexthop-addr> | <nexthop6-addr> } ] lsr-role { egress | ingress | transit } [ verbose ]
display mpls lsp asbr nexthop { <nexthop-addr> | <nexthop6-addr> } lsr-role { egress | ingress | transit } [ verbose ] (Score: 0.5279)
697
The display mpls lsp asbr command displays on an ASBR information about LSPs created using BGP based on received VPNv4 or VPNv6 routes (excluding LSPs lacking forwarding tokens).
The display mpls lsp protocol bgp command displays information about LSPs created using BGP based on received IPv4 VPN routes (excluding LSPs lacking forwarding tokens).
The display mpls lsp protocol bgp-ipv6 command displays information about LSPs created using BGP based on received IPv6 VPN routes (excluding LSPs lacking forwarding tokens).
DEF: {
    "PageTitle": "rsvp",
    "FuncDef": "This command selects RSVP tunneling for next-hop resolution and specifies RSVP tunnels in a tunnel table to IPv4 destinations. This option allows BGP to use the best metric RSVP LSP to the address of the BGP next hop. This address can correspond to the system interface or to another loopback interface of the remote BGP router. In the case of multiple RSVP LSPs with the same lowest metric, BGP selects the LSP with the lowest tunnel ID.",
    "CLIs": [
        "rsvp",
        "no rsvp"
    ],
    "ParentView": [
        "config>router>bgp>next-hop-resolution>shortcut-tunn>family>resolution-filter",
        "config>router>bgp>next-hop-resolution>labeled-routes>transport-tunnel>family>resolution-filter"
    ],
    "ParaDef": null,
    "Examples": null,
    "ExtraInfo": ""
} (Score: 0.5961)
DEF: {
    "PageTitle": "enforce-strict-tunnel-tagging",
    "FuncDef": "This command forces the system to only consider LSPs marked with anadmin-tagfor next-hop resolution. Untagged LSPs are not be considered.",
    "CLIs": [
        "enforce-strict-tunnel-tagging",
        "no enforce-strict-tunnel-tagging"
    ],
    "ParentView": [
        "config>router>bgp>next-hop-resolution>labeled-routes>transport-tunnel>family",
        "config>router>bgp>next-hop-resolution>shortcut-tunn>family"
    ],
    "ParaDef": null,
    "Examples": null,
    "ExtraInfo": "Default: no enforce-strict-tunnel-tagging"
} (Score: 0.4569)
CLI: display bgp [ multicast ] peer <ipv4-address> statistics
display bgp ipv6 peer { <ipv4-address> | <ipv6-address> } statistics
display bgp vpnv4 { all | vpn-instance <vpn-instance-name> } peer <ipv4-address> statistics
display bgp vpnv4 all peer <ipv6-address> statistics
display bgp vpnv6 { all peer <ipv4-address> statistics | vpn-instance <vpn-instance-name> peer <ipv6-address> statistics }
display bgp labeled peer <ipv4-address> statistics
display bgp rpd peer <ipv4-address> statistics
display bgp labeled vpn-instance <vpn-instance-name> peer <ipv4-address> statistics
display bgp peer <ipv6-address> statistics (Score: 0.5228)
612
The display bgp peer statistics command displays statistics about routes learned from a specified peer.
DEF: {
    "PageTitle": "bmp",
    "FuncDef": "This command enables the context to configure BGP Monitoring Protocol (BMP) parameters.",
    "CLIs": [
        "bmp"
    ],
    "ParentView": [
        "config"
    ],
    "ParaDef": null,
    "Examples": null,
    "ExtraInfo": ""
} (Score: 0.5402)
DEF: {
    "PageTitle": "peer-tracking-policy",
    "FuncDef": "This command specifies the name of a policy statement to use with the BGP peer-tracking function on the BGP sessions where this is enabled. The policy controls which IP routes in RTM are eligible to indicate reachability of IPv4 and IPv6 BGP neighbor addresses. If the longest matching route in RTM for a BGP neighbor address is an IP route that is rejected by the policy, or it is a BGP route accepted by the policy, or if there is no matching route, the neighbor is considered unreachable and BGP tears down the peering session and holds it in the idle state until a valid route is once again available and accepted by the policy.",
    "CLIs": [
        "peer-tracking-policy <policy-name>",
        "no peer-tracking-policy"
    ],
    "ParentView": [
        "config>router>bgp"
    ],
    "ParaDef": [
        {
            "Parameters": "policy-name",
            "Info": "Specifies the route policy name. Allowed values are any string up to 64 characters long composed of printable, 7-bit ASCII characters. If the string contains special characters (#, $, spaces, and so on), the entire string must be enclosed within double quotes. Route policies are configured in the config>router>policy-options context."
        }
    ],
    "Examples": null,
    "ExtraInfo": "Default: no peer-tracking-policy"
} (Score: 0.5348)
CLI: display bgp ipv6 routing-table <ipv6-address> [ <prefix-length> ] { as-path | community-list | large-community | ext-community | cluster-list | advertised-peer }
display bgp ipv6 routing-table peer { <peerIpv4Addr> | <peerIpv6Addr> } advertised-routes <ipv6-address> [ <prefix-length> ] { as-path | community-list | large-community | ext-community | cluster-list | advertised-peer } (Score: 0.5195)
561
The display bgp ipv6 routing-table command displays BGP4+ public network routes.
DEF: {
    "PageTitle": "advertise-ipv6-next-hops",
    "FuncDef": "This command applies to a BGP session established on top of IPv6; transport, BGP routes belonging to the specified families can be advertised with a true IPv6 address when originated or whennext-hop-self(configured or automatic) is applied.",
    "CLIs": [
        "advertise-ipv6-next-hops [ vpn-ipv6 ] [ label-ipv6 ] [ vpn-ipv4 ] [ label-ipv4 ]",
        "no advertise-ipv6-next-hops"
    ],
    "ParentView": [
        "config>router>bgp",
        "config>router>bgp>group",
        "config>router>bgp>group>neighbor"
    ],
    "ParaDef": [
        {
            "Parameters": "vpn-ipv6",
            "Info": "Allows VPN IPv6 routes to be advertised to IPv6 transport peers with an IPv6 address as the BGP next hop in cases of route origination or next-hop-self (configured or automatic)."
        },
        {
            "Parameters": "label-ipv6",
            "Info": "Allows label IPv6 routes to be advertised to IPv6 transport peers with an IPv6 address as the BGP next hop in cases of route origination or next-hop-self (configured or automatic)."
        },
        {
            "Parameters": "vpn-ipv4",
            "Info": "Allows VPN IPv4 routes to be advertised to IPv6 transport peers with an IPv6 address as the BGP next hop in cases of route origination or next-hop-self (configured or automatic). It also allows export policies to change the BGP next hop of a VPN IPv4 route to an IPv6 address. All of these cases require the remote peer to advertise the necessary extended NH encoding capability."
        },
        {
            "Parameters": "label-ipv4",
            "Info": "Allows label IPv4 routes to be advertised to IPv6 transport peers with an IPv6 address as the BGP next hop in cases of route origination or next-hop-self (configured or automatic). It also allows export policies to change the BGP next hop of a label IPv4 route to an IPv6 address. All of these cases require the remote peer to advertise the necessary extended NH encoding capability."
        }
    ],
    "Examples": null,
    "ExtraInfo": "Default: no advertise-ipv6-next-hops"
} (Score: 0.6012)
DEF: {
    "PageTitle": "disable-route-table-install",
    "FuncDef": "This command specifies whether to disable the installation of all (labeled and unlabeled) IPv4 and IPv6 BGP routes into RTM (Routing Table Manager) and the FIB (Forwarding Information Base) on the base router instance.",
    "CLIs": [
        "disable-route-table-install",
        "no disable-route-table-install"
    ],
    "ParentView": [
        "config>router>bgp"
    ],
    "ParaDef": null,
    "Examples": null,
    "ExtraInfo": "Default: no disable-route-table-install"
} (Score: 0.5682)
CLI: display bgp vpnv6 vpn-instance <vpn-instance-name> peer verbose
display bgp vpnv6 vpn-instance <vpn-instance-name> peer <ipv6-address> verbose
display bgp vpnv6 vpn-instance <vpn-instance-name> peer <ipv4-address> verbose (Score: 0.5177)
682
The display bgp vpnv6 peer verbose command displays detailed information about BGP VPNv6 peers.
DEF: {
    "PageTitle": "advertise-ipv6-next-hops",
    "FuncDef": "This command applies to a BGP session established on top of IPv6; transport, BGP routes belonging to the specified families can be advertised with a true IPv6 address when originated or whennext-hop-self(configured or automatic) is applied.",
    "CLIs": [
        "advertise-ipv6-next-hops [ vpn-ipv6 ] [ label-ipv6 ] [ vpn-ipv4 ] [ label-ipv4 ]",
        "no advertise-ipv6-next-hops"
    ],
    "ParentView": [
        "config>router>bgp",
        "config>router>bgp>group",
        "config>router>bgp>group>neighbor"
    ],
    "ParaDef": [
        {
            "Parameters": "vpn-ipv6",
            "Info": "Allows VPN IPv6 routes to be advertised to IPv6 transport peers with an IPv6 address as the BGP next hop in cases of route origination or next-hop-self (configured or automatic)."
        },
        {
            "Parameters": "label-ipv6",
            "Info": "Allows label IPv6 routes to be advertised to IPv6 transport peers with an IPv6 address as the BGP next hop in cases of route origination or next-hop-self (configured or automatic)."
        },
        {
            "Parameters": "vpn-ipv4",
            "Info": "Allows VPN IPv4 routes to be advertised to IPv6 transport peers with an IPv6 address as the BGP next hop in cases of route origination or next-hop-self (configured or automatic). It also allows export policies to change the BGP next hop of a VPN IPv4 route to an IPv6 address. All of these cases require the remote peer to advertise the necessary extended NH encoding capability."
        },
        {
            "Parameters": "label-ipv4",
            "Info": "Allows label IPv4 routes to be advertised to IPv6 transport peers with an IPv6 address as the BGP next hop in cases of route origination or next-hop-self (configured or automatic). It also allows export policies to change the BGP next hop of a label IPv4 route to an IPv6 address. All of these cases require the remote peer to advertise the necessary extended NH encoding capability."
        }
    ],
    "Examples": null,
    "ExtraInfo": "Default: no advertise-ipv6-next-hops"
} (Score: 0.6269)
DEF: {
    "PageTitle": "graceful-restart",
    "FuncDef": "This command enables BGP graceful restart helper procedures (the \"receiving router\" role defined in the standard) for address families included in the GR capabilities of both peers. SR OS can support GR helper functionality for IPv4, IPv6, VPN-IPv4, VPN-IPv6, Label-IPv4, Label-IPv6, L2-VPN, Route-Target (RTC), Flow-IPv4 (IPv4 flow-spec) and Flow-IPv6 (IPv6 flow-spec) routes.",
    "CLIs": [
        "graceful-restart",
        "no graceful-restart"
    ],
    "ParentView": [
        "config>router>bgp",
        "config>router>bgp>group",
        "config>router>bgp>group>neighbor"
    ],
    "ParaDef": null,
    "Examples": null,
    "ExtraInfo": "Default: no graceful-restart"
} (Score: 0.5779)
/miniforge/envs/safe/lib/python3.10/site-packages/transformers/generation/configuration_utils.py:590: UserWarning: `do_sample` is set to `False`. However, `temperature` is set to `0.7` -- this flag is only used in sample-based generation modes. You should set `do_sample=True` or unset `temperature`.
  warnings.warn(
/miniforge/envs/safe/lib/python3.10/site-packages/transformers/generation/configuration_utils.py:595: UserWarning: `do_sample` is set to `False`. However, `top_p` is set to `0.8` -- this flag is only used in sample-based generation modes. You should set `do_sample=True` or unset `top_p`.
  warnings.warn(
/miniforge/envs/safe/lib/python3.10/site-packages/transformers/generation/configuration_utils.py:612: UserWarning: `do_sample` is set to `False`. However, `top_k` is set to `20` -- this flag is only used in sample-based generation modes. You should set `do_sample=True` or unset `top_k`.
  warnings.warn(
------------
As a network device expert, please determine whether the following answer correctly responds to the user's question based on the router configuration manual. Only output "Correct" or "Incorrect" without any explanation or additional information. You must make your own judgment based on the Router configuration manual provided to you, not on your own knowledge.
---
## User question:
How to configure a Nokia router to enable BGP-LS route exchange with peer 2001:DB8:2::2 in the IPv6 address family?
---
## Proposed answer:
To configure a Nokia router to enable BGP-LS route exchange with peer `2001:DB8:2::2` in the IPv6 address family, you need to ensure that the BGP session is properly configured to handle IPv6 routes. Here are the necessary CLI configuration commands based on the provided reference content:

```plaintext
config
    router bgp
        neighbor 2001:DB8:2::2 activate
        neighbor 2001:DB8:2::2 remote-as <AS_NUMBER>
        neighbor 2001:DB8:2::2 advertise-ipv6-next-hops vpn-ipv6
```

Explanation:
- `neighbor 2001:DB8:2::2 activate`: Activates the BGP session with the specified IPv6 peer.
- `neighbor 2001:DB8:2::2 remote-as <AS_NUMBER>`: Specifies the Autonomous System Number (ASN) of the peer. Replace `<AS_NUMBER>` with the actual ASN of the peer.
- `neighbor 2001:DB8:2::2 advertise-ipv6-next-hops vpn-ipv6`: Configures the BGP session to advertise IPv6 next hops for VPN-IPv6 routes. This ensures that BGP-LS can correctly exchange IPv6 routes with the peer.

Note: Ensure that the peer supports the necessary features and that the BGP session is correctly configured for IPv6. The `advertise-ipv6-next-hops` command specifically enables the advertisement of IPv6 next hops for VPN-IPv6 routes, which is essential for BGP-LS to function correctly with IPv6 peers.
---
## Router configuration manual:
CLIs:
peer <ipv6-address> enable
undo peer <ipv6-address> enable
FuncDef:
The peer enable command enables a BGP device to exchange routes with a specified peer in the address family view.
The undo peer enable command disables a BGP device from exchanging routes with a specified peer.
By default, only the peer in the BGP IPv4 unicast address family view is automatically enabled.
ParaDef:
{'Parameters': 'ipv6-address', 'Info': 'Specifies the IPv6 address of a peer.\nThe value is in the format of X:X:X:X:X:X:X:X.'}
---
Please answer Correct or Incorrect.
Your answer:
------------
Incorrect
------------
  0%|          | 7/4550 [02:38<28:56:14, 22.93s/it]CLI: peer <ipv6-address> bfd enable [ [ single-hop-prefer ] [ compatible ] | per-link one-arm-echo ]
undo peer <ipv6-address> bfd enable (Score: 0.5303)
1236
The peer bfd enable command enables a device to establish a BFD session with its peer using default detection parameter values.
The undo peer bfd enable command cancels this function.
By default, a BGP device does not establish any BFD session with its peer.
DEF: {
    "PageTitle": "bfd-enable",
    "FuncDef": "This command enables the use of bi-directional forwarding (BFD) to control the state of the associated protocol interface. By enabling BFD on a given protocol interface, the state of the protocol interface is tied to the state of the BFD session between the local node and the remote node. The parameters used for the BFD are set via the BFD command under the IP interface.",
    "CLIs": [
        "bfd-enable",
        "no bfd-enable"
    ],
    "ParentView": [
        "config>router>bgp",
        "config>router>bgp>group",
        "config>router>bgp>group>neighbor"
    ],
    "ParaDef": null,
    "Examples": null,
    "ExtraInfo": "Default: no bfd-enable"
} (Score: 0.7350)
DEF: {
    "PageTitle": "enable-peer-tracking",
    "FuncDef": "This command enables BGP peer tracking. BGP peer tracking allows a BGP peer to be dropped immediately if the route used to resolve the BGP peer address is removed from the IP routing table and there is no alternative available. The BGP peer will not wait for the holdtimer to expire; therefore, the BGP re-convergence process is accelerated.",
    "CLIs": [
        "enable-peer-tracking",
        "no enable-peer-tracking"
    ],
    "ParentView": [
        "config>router>bgp",
        "config>router>bgp>group",
        "config>router>bgp>group>neighbor"
    ],
    "ParaDef": null,
    "Examples": null,
    "ExtraInfo": "Default: no enable-peer-tracking"
} (Score: 0.4958)
CLI: peer <ipv6-address> bfd enable [ [ single-hop-prefer ] [ compatible ] | per-link one-arm-echo ]
undo peer <ipv6-address> bfd enable (Score: 0.5303)
2108
The peer bfd enable command enables a device to establish a BFD session with its peer using default detection parameter values.
The undo peer bfd enable command cancels this function.
By default, a BGP device does not establish any BFD session with its peer.
DEF: {
    "PageTitle": "bfd-enable",
    "FuncDef": "This command enables the use of bi-directional forwarding (BFD) to control the state of the associated protocol interface. By enabling BFD on a given protocol interface, the state of the protocol interface is tied to the state of the BFD session between the local node and the remote node. The parameters used for the BFD are set via the BFD command under the IP interface.",
    "CLIs": [
        "bfd-enable",
        "no bfd-enable"
    ],
    "ParentView": [
        "config>router>bgp",
        "config>router>bgp>group",
        "config>router>bgp>group>neighbor"
    ],
    "ParaDef": null,
    "Examples": null,
    "ExtraInfo": "Default: no bfd-enable"
} (Score: 0.7350)
DEF: {
    "PageTitle": "enable-peer-tracking",
    "FuncDef": "This command enables BGP peer tracking. BGP peer tracking allows a BGP peer to be dropped immediately if the route used to resolve the BGP peer address is removed from the IP routing table and there is no alternative available. The BGP peer will not wait for the holdtimer to expire; therefore, the BGP re-convergence process is accelerated.",
    "CLIs": [
        "enable-peer-tracking",
        "no enable-peer-tracking"
    ],
    "ParentView": [
        "config>router>bgp",
        "config>router>bgp>group",
        "config>router>bgp>group>neighbor"
    ],
    "ParaDef": null,
    "Examples": null,
    "ExtraInfo": "Default: no enable-peer-tracking"
} (Score: 0.4958)
CLI: display bgp ipv6 bfd session vpnv6 vpn-instance <vpn-instance-name> peer <ipv6-address> (Score: 0.5267)
545
The display bgp ipv6 bfd session vpnv6 vpn-instance peer command displays information about BFD sessions in vpn instances between BGP peers.
DEF: {
    "PageTitle": "bfd-enable",
    "FuncDef": "This command enables the use of bi-directional forwarding (BFD) to control the state of the associated protocol interface. By enabling BFD on a given protocol interface, the state of the protocol interface is tied to the state of the BFD session between the local node and the remote node. The parameters used for the BFD are set via the BFD command under the IP interface.",
    "CLIs": [
        "bfd-enable",
        "no bfd-enable"
    ],
    "ParentView": [
        "config>router>bgp",
        "config>router>bgp>group",
        "config>router>bgp>group>neighbor"
    ],
    "ParaDef": null,
    "Examples": null,
    "ExtraInfo": "Default: no bfd-enable"
} (Score: 0.5918)
DEF: {
    "PageTitle": "advertise-ipv6-next-hops",
    "FuncDef": "This command applies to a BGP session established on top of IPv6; transport, BGP routes belonging to the specified families can be advertised with a true IPv6 address when originated or whennext-hop-self(configured or automatic) is applied.",
    "CLIs": [
        "advertise-ipv6-next-hops [ vpn-ipv6 ] [ label-ipv6 ] [ vpn-ipv4 ] [ label-ipv4 ]",
        "no advertise-ipv6-next-hops"
    ],
    "ParentView": [
        "config>router>bgp",
        "config>router>bgp>group",
        "config>router>bgp>group>neighbor"
    ],
    "ParaDef": [
        {
            "Parameters": "vpn-ipv6",
            "Info": "Allows VPN IPv6 routes to be advertised to IPv6 transport peers with an IPv6 address as the BGP next hop in cases of route origination or next-hop-self (configured or automatic)."
        },
        {
            "Parameters": "label-ipv6",
            "Info": "Allows label IPv6 routes to be advertised to IPv6 transport peers with an IPv6 address as the BGP next hop in cases of route origination or next-hop-self (configured or automatic)."
        },
        {
            "Parameters": "vpn-ipv4",
            "Info": "Allows VPN IPv4 routes to be advertised to IPv6 transport peers with an IPv6 address as the BGP next hop in cases of route origination or next-hop-self (configured or automatic). It also allows export policies to change the BGP next hop of a VPN IPv4 route to an IPv6 address. All of these cases require the remote peer to advertise the necessary extended NH encoding capability."
        },
        {
            "Parameters": "label-ipv4",
            "Info": "Allows label IPv4 routes to be advertised to IPv6 transport peers with an IPv6 address as the BGP next hop in cases of route origination or next-hop-self (configured or automatic). It also allows export policies to change the BGP next hop of a label IPv4 route to an IPv6 address. All of these cases require the remote peer to advertise the necessary extended NH encoding capability."
        }
    ],
    "Examples": null,
    "ExtraInfo": "Default: no advertise-ipv6-next-hops"
} (Score: 0.5609)
CLI: display bgp vpnv6 vpn-instance <vpn-instance-name> peer verbose
display bgp vpnv6 vpn-instance <vpn-instance-name> peer <ipv6-address> verbose
display bgp vpnv6 vpn-instance <vpn-instance-name> peer <ipv4-address> verbose (Score: 0.5193)
682
The display bgp vpnv6 peer verbose command displays detailed information about BGP VPNv6 peers.
DEF: {
    "PageTitle": "advertise-ipv6-next-hops",
    "FuncDef": "This command applies to a BGP session established on top of IPv6; transport, BGP routes belonging to the specified families can be advertised with a true IPv6 address when originated or whennext-hop-self(configured or automatic) is applied.",
    "CLIs": [
        "advertise-ipv6-next-hops [ vpn-ipv6 ] [ label-ipv6 ] [ vpn-ipv4 ] [ label-ipv4 ]",
        "no advertise-ipv6-next-hops"
    ],
    "ParentView": [
        "config>router>bgp",
        "config>router>bgp>group",
        "config>router>bgp>group>neighbor"
    ],
    "ParaDef": [
        {
            "Parameters": "vpn-ipv6",
            "Info": "Allows VPN IPv6 routes to be advertised to IPv6 transport peers with an IPv6 address as the BGP next hop in cases of route origination or next-hop-self (configured or automatic)."
        },
        {
            "Parameters": "label-ipv6",
            "Info": "Allows label IPv6 routes to be advertised to IPv6 transport peers with an IPv6 address as the BGP next hop in cases of route origination or next-hop-self (configured or automatic)."
        },
        {
            "Parameters": "vpn-ipv4",
            "Info": "Allows VPN IPv4 routes to be advertised to IPv6 transport peers with an IPv6 address as the BGP next hop in cases of route origination or next-hop-self (configured or automatic). It also allows export policies to change the BGP next hop of a VPN IPv4 route to an IPv6 address. All of these cases require the remote peer to advertise the necessary extended NH encoding capability."
        },
        {
            "Parameters": "label-ipv4",
            "Info": "Allows label IPv4 routes to be advertised to IPv6 transport peers with an IPv6 address as the BGP next hop in cases of route origination or next-hop-self (configured or automatic). It also allows export policies to change the BGP next hop of a label IPv4 route to an IPv6 address. All of these cases require the remote peer to advertise the necessary extended NH encoding capability."
        }
    ],
    "Examples": null,
    "ExtraInfo": "Default: no advertise-ipv6-next-hops"
} (Score: 0.6269)
DEF: {
    "PageTitle": "graceful-restart",
    "FuncDef": "This command enables BGP graceful restart helper procedures (the \"receiving router\" role defined in the standard) for address families included in the GR capabilities of both peers. SR OS can support GR helper functionality for IPv4, IPv6, VPN-IPv4, VPN-IPv6, Label-IPv4, Label-IPv6, L2-VPN, Route-Target (RTC), Flow-IPv4 (IPv4 flow-spec) and Flow-IPv6 (IPv6 flow-spec) routes.",
    "CLIs": [
        "graceful-restart",
        "no graceful-restart"
    ],
    "ParentView": [
        "config>router>bgp",
        "config>router>bgp>group",
        "config>router>bgp>group>neighbor"
    ],
    "ParaDef": null,
    "Examples": null,
    "ExtraInfo": "Default: no graceful-restart"
} (Score: 0.5779)
CLI: peer <ipv4-address> bfd enable [ [ single-hop-prefer ] [ compatible ] | per-link one-arm-echo ]
peer <ipv6-address> bfd enable [ [ single-hop-prefer ] [ compatible ] | per-link one-arm-echo ]
undo peer <ipv4-address> bfd enable
undo peer <ipv6-address> bfd enable (Score: 0.5160)
1691
The peer bfd enable command enables a device to establish a BFD session with its peer using default detection parameter values.
The undo peer bfd enable command cancels this function.
By default, a BGP device does not establish any BFD session with its peer.
DEF: {
    "PageTitle": "bfd-enable",
    "FuncDef": "This command enables the use of bi-directional forwarding (BFD) to control the state of the associated protocol interface. By enabling BFD on a given protocol interface, the state of the protocol interface is tied to the state of the BFD session between the local node and the remote node. The parameters used for the BFD are set via the BFD command under the IP interface.",
    "CLIs": [
        "bfd-enable",
        "no bfd-enable"
    ],
    "ParentView": [
        "config>router>bgp",
        "config>router>bgp>group",
        "config>router>bgp>group>neighbor"
    ],
    "ParaDef": null,
    "Examples": null,
    "ExtraInfo": "Default: no bfd-enable"
} (Score: 0.7350)
DEF: {
    "PageTitle": "enable-peer-tracking",
    "FuncDef": "This command enables BGP peer tracking. BGP peer tracking allows a BGP peer to be dropped immediately if the route used to resolve the BGP peer address is removed from the IP routing table and there is no alternative available. The BGP peer will not wait for the holdtimer to expire; therefore, the BGP re-convergence process is accelerated.",
    "CLIs": [
        "enable-peer-tracking",
        "no enable-peer-tracking"
    ],
    "ParentView": [
        "config>router>bgp",
        "config>router>bgp>group",
        "config>router>bgp>group>neighbor"
    ],
    "ParaDef": null,
    "Examples": null,
    "ExtraInfo": "Default: no enable-peer-tracking"
} (Score: 0.4958)
/miniforge/envs/safe/lib/python3.10/site-packages/transformers/generation/configuration_utils.py:590: UserWarning: `do_sample` is set to `False`. However, `temperature` is set to `0.7` -- this flag is only used in sample-based generation modes. You should set `do_sample=True` or unset `temperature`.
  warnings.warn(
/miniforge/envs/safe/lib/python3.10/site-packages/transformers/generation/configuration_utils.py:595: UserWarning: `do_sample` is set to `False`. However, `top_p` is set to `0.8` -- this flag is only used in sample-based generation modes. You should set `do_sample=True` or unset `top_p`.
  warnings.warn(
/miniforge/envs/safe/lib/python3.10/site-packages/transformers/generation/configuration_utils.py:612: UserWarning: `do_sample` is set to `False`. However, `top_k` is set to `20` -- this flag is only used in sample-based generation modes. You should set `do_sample=True` or unset `top_k`.
  warnings.warn(
------------
As a network device expert, please determine whether the following answer correctly responds to the user's question based on the router configuration manual. Only output "Correct" or "Incorrect" without any explanation or additional information. You must make your own judgment based on the Router configuration manual provided to you, not on your own knowledge.
---
## User question:
In Nokia router CLI, how to allow BGP-LS route exchange with peer 2001:DB8:2::2 in IPv6 address family?
---
## Proposed answer:
To allow BGP-LS route exchange with peer `2001:DB8:2::2` in IPv6 address family, you need to configure the `advertise-ipv6-next-hops` command under the BGP neighbor configuration. Here are the appropriate CLI configuration commands:

```plaintext
config> router> bgp
config-router-bgp> group internal
config-router-bgp-group> neighbor 2001:DB8:2::2
config-router-bgp-group-neighbor> advertise-ipv6-next-hops
```

These commands enable the advertisement of IPv6 next hops for the specified BGP neighbor, which is necessary for BGP-LS route exchange in the IPv6 address family.
---
## Router configuration manual:
CLIs:
peer <ipv6-address> enable
undo peer <ipv6-address> enable
FuncDef:
The peer enable command enables a BGP device to exchange routes with a specified peer in the address family view.
The undo peer enable command disables a BGP device from exchanging routes with a specified peer.
By default, only the peer in the BGP IPv4 unicast address family view is automatically enabled.
ParaDef:
{'Parameters': 'ipv6-address', 'Info': 'Specifies the IPv6 address of a peer.\nThe value is in the format of X:X:X:X:X:X:X:X.'}
---
Please answer Correct or Incorrect.
Your answer:
------------
Incorrect
------------
  0%|          | 8/4550 [02:55<26:20:00, 20.87s/it]CLI: display bgp ipv6 group
display bgp ipv6 group <group-name> (Score: 0.5327)
550
The display bgp ipv6 group command displays information about BGP IPv6 peer groups.
DEF: {
    "PageTitle": "local-address",
    "FuncDef": "This command configures the local IP address used by the group or neighbor when communicating with BGP peers.",
    "CLIs": [
        "local-address [ <ip-int-name> | <ip-address> | <ipv6-address> ]",
        "no local-address"
    ],
    "ParentView": [
        "config>router>bgp>group",
        "config>router>bgp>group>neighbor"
    ],
    "ParaDef": [
        {
            "Parameters": "ip-address",
            "Info": "Specifies the local address expressed in dotted decimal notation. Allowed value is a valid routable IP address on the router, either an interface or system IP address. Values-ipv4-address:."
        },
        {
            "Parameters": "ipv6-address",
            "Info": "Specifies the local address expressed in dotted decimal notation. Allowed value is a valid routable IPv6 address on the router, either an interface or system IPv6 address. Values-ipv6-address:."
        },
        {
            "Parameters": "ip-int-name",
            "Info": "Specifies the IP interface name whose address the local address will inherit. The interface can be any network interface configured on the system."
        }
    ],
    "Examples": null,
    "ExtraInfo": "Default: no local-address"
} (Score: 0.5874)
DEF: {
    "PageTitle": "advertise-ipv6-next-hops",
    "FuncDef": "This command applies to a BGP session established on top of IPv6; transport, BGP routes belonging to the specified families can be advertised with a true IPv6 address when originated or whennext-hop-self(configured or automatic) is applied.",
    "CLIs": [
        "advertise-ipv6-next-hops [ vpn-ipv6 ] [ label-ipv6 ] [ vpn-ipv4 ] [ label-ipv4 ]",
        "no advertise-ipv6-next-hops"
    ],
    "ParentView": [
        "config>router>bgp",
        "config>router>bgp>group",
        "config>router>bgp>group>neighbor"
    ],
    "ParaDef": [
        {
            "Parameters": "vpn-ipv6",
            "Info": "Allows VPN IPv6 routes to be advertised to IPv6 transport peers with an IPv6 address as the BGP next hop in cases of route origination or next-hop-self (configured or automatic)."
        },
        {
            "Parameters": "label-ipv6",
            "Info": "Allows label IPv6 routes to be advertised to IPv6 transport peers with an IPv6 address as the BGP next hop in cases of route origination or next-hop-self (configured or automatic)."
        },
        {
            "Parameters": "vpn-ipv4",
            "Info": "Allows VPN IPv4 routes to be advertised to IPv6 transport peers with an IPv6 address as the BGP next hop in cases of route origination or next-hop-self (configured or automatic). It also allows export policies to change the BGP next hop of a VPN IPv4 route to an IPv6 address. All of these cases require the remote peer to advertise the necessary extended NH encoding capability."
        },
        {
            "Parameters": "label-ipv4",
            "Info": "Allows label IPv4 routes to be advertised to IPv6 transport peers with an IPv6 address as the BGP next hop in cases of route origination or next-hop-self (configured or automatic). It also allows export policies to change the BGP next hop of a label IPv4 route to an IPv6 address. All of these cases require the remote peer to advertise the necessary extended NH encoding capability."
        }
    ],
    "Examples": null,
    "ExtraInfo": "Default: no advertise-ipv6-next-hops"
} (Score: 0.5776)
CLI: display bgp vpnv6 vpn-instance <vpn-instance-name> peer <ipv6-address> log-info
display bgp vpnv6 vpn-instance <vpn-instance-name> peer-group <group-name> log-info (Score: 0.5069)
684
The display bgp vpnv6 peer log-info command displays the log information of the BGP VPNv6 address family.
DEF: {
    "PageTitle": "advertise-ipv6-next-hops",
    "FuncDef": "This command applies to a BGP session established on top of IPv6; transport, BGP routes belonging to the specified families can be advertised with a true IPv6 address when originated or whennext-hop-self(configured or automatic) is applied.",
    "CLIs": [
        "advertise-ipv6-next-hops [ vpn-ipv6 ] [ label-ipv6 ] [ vpn-ipv4 ] [ label-ipv4 ]",
        "no advertise-ipv6-next-hops"
    ],
    "ParentView": [
        "config>router>bgp",
        "config>router>bgp>group",
        "config>router>bgp>group>neighbor"
    ],
    "ParaDef": [
        {
            "Parameters": "vpn-ipv6",
            "Info": "Allows VPN IPv6 routes to be advertised to IPv6 transport peers with an IPv6 address as the BGP next hop in cases of route origination or next-hop-self (configured or automatic)."
        },
        {
            "Parameters": "label-ipv6",
            "Info": "Allows label IPv6 routes to be advertised to IPv6 transport peers with an IPv6 address as the BGP next hop in cases of route origination or next-hop-self (configured or automatic)."
        },
        {
            "Parameters": "vpn-ipv4",
            "Info": "Allows VPN IPv4 routes to be advertised to IPv6 transport peers with an IPv6 address as the BGP next hop in cases of route origination or next-hop-self (configured or automatic). It also allows export policies to change the BGP next hop of a VPN IPv4 route to an IPv6 address. All of these cases require the remote peer to advertise the necessary extended NH encoding capability."
        },
        {
            "Parameters": "label-ipv4",
            "Info": "Allows label IPv4 routes to be advertised to IPv6 transport peers with an IPv6 address as the BGP next hop in cases of route origination or next-hop-self (configured or automatic). It also allows export policies to change the BGP next hop of a label IPv4 route to an IPv6 address. All of these cases require the remote peer to advertise the necessary extended NH encoding capability."
        }
    ],
    "Examples": null,
    "ExtraInfo": "Default: no advertise-ipv6-next-hops"
} (Score: 0.5935)
DEF: {
    "PageTitle": "graceful-restart",
    "FuncDef": "This command enables BGP graceful restart helper procedures (the \"receiving router\" role defined in the standard) for address families included in the GR capabilities of both peers. SR OS can support GR helper functionality for IPv4, IPv6, VPN-IPv4, VPN-IPv6, Label-IPv4, Label-IPv6, L2-VPN, Route-Target (RTC), Flow-IPv4 (IPv4 flow-spec) and Flow-IPv6 (IPv6 flow-spec) routes.",
    "CLIs": [
        "graceful-restart",
        "no graceful-restart"
    ],
    "ParentView": [
        "config>router>bgp",
        "config>router>bgp>group",
        "config>router>bgp>group>neighbor"
    ],
    "ParaDef": null,
    "Examples": null,
    "ExtraInfo": "Default: no graceful-restart"
} (Score: 0.5313)
CLI: display bgp vpnv6 vpn-instance <vpn-instance-name> group
display bgp vpnv6 vpn-instance <vpn-instance-name> group <group-name> (Score: 0.5059)
681
The display bgp vpnv6 group command is used to display the VPNv6 peer group information.
DEF: {
    "PageTitle": "advertise-ipv6-next-hops",
    "FuncDef": "This command applies to a BGP session established on top of IPv6; transport, BGP routes belonging to the specified families can be advertised with a true IPv6 address when originated or whennext-hop-self(configured or automatic) is applied.",
    "CLIs": [
        "advertise-ipv6-next-hops [ vpn-ipv6 ] [ label-ipv6 ] [ vpn-ipv4 ] [ label-ipv4 ]",
        "no advertise-ipv6-next-hops"
    ],
    "ParentView": [
        "config>router>bgp",
        "config>router>bgp>group",
        "config>router>bgp>group>neighbor"
    ],
    "ParaDef": [
        {
            "Parameters": "vpn-ipv6",
            "Info": "Allows VPN IPv6 routes to be advertised to IPv6 transport peers with an IPv6 address as the BGP next hop in cases of route origination or next-hop-self (configured or automatic)."
        },
        {
            "Parameters": "label-ipv6",
            "Info": "Allows label IPv6 routes to be advertised to IPv6 transport peers with an IPv6 address as the BGP next hop in cases of route origination or next-hop-self (configured or automatic)."
        },
        {
            "Parameters": "vpn-ipv4",
            "Info": "Allows VPN IPv4 routes to be advertised to IPv6 transport peers with an IPv6 address as the BGP next hop in cases of route origination or next-hop-self (configured or automatic). It also allows export policies to change the BGP next hop of a VPN IPv4 route to an IPv6 address. All of these cases require the remote peer to advertise the necessary extended NH encoding capability."
        },
        {
            "Parameters": "label-ipv4",
            "Info": "Allows label IPv4 routes to be advertised to IPv6 transport peers with an IPv6 address as the BGP next hop in cases of route origination or next-hop-self (configured or automatic). It also allows export policies to change the BGP next hop of a label IPv4 route to an IPv6 address. All of these cases require the remote peer to advertise the necessary extended NH encoding capability."
        }
    ],
    "Examples": null,
    "ExtraInfo": "Default: no advertise-ipv6-next-hops"
} (Score: 0.5944)
DEF: {
    "PageTitle": "family",
    "FuncDef": "This command configures family-specific LLGR parameters for BGP peers.",
    "CLIs": [
        "family { ipv4 | ipv6 | label-ipv4 | label-ipv6 | vpn-ipv4 | vpn-ipv6 | l2-vpn | route-target | flow-ipv4 | flow-ipv6 }",
        "no family { ipv4 | ipv6 | label-ipv4 | label-ipv6 | vpn-ipv4 | vpn-ipv6 | l2-vpn | route-target | flow-ipv4 | flow-ipv6 }"
    ],
    "ParentView": [
        "config>router>bgp>graceful-restart>long-lived",
        "config>router>bgp>group>graceful-restart>long-lived",
        "config>router>bgp>group>neighbor>graceful-restart>long-lived"
    ],
    "ParaDef": [
        {
            "Parameters": "ipv4",
            "Info": "Specifies the IPv4 family."
        },
        {
            "Parameters": "ipv6",
            "Info": "Specifies the IPv6 family."
        },
        {
            "Parameters": "label-ipv4",
            "Info": "Specifies the label IPv4 family."
        },
        {
            "Parameters": "label-ipv6",
            "Info": "Specifies the label IPv6 family."
        },
        {
            "Parameters": "vpn-ipv4",
            "Info": "Specifies the VPN IPv4 family."
        },
        {
            "Parameters": "vpn-ipv6",
            "Info": "Specifies the VPN IPv6 family."
        },
        {
            "Parameters": "l2-vpn",
            "Info": "Specifies the Layer 2 VPN family."
        },
        {
            "Parameters": "route-target",
            "Info": "Specifies the route target family."
        },
        {
            "Parameters": "flow-ipv4",
            "Info": "Specifies the flow IPv4 family."
        },
        {
            "Parameters": "flow-ipv6",
            "Info": "Specifies the flow IPv6 family."
        }
    ],
    "Examples": null,
    "ExtraInfo": "Default: no family"
} (Score: 0.5621)
CLI: peer <ipv6-address> group <group-name>
undo peer <ipv6-address> group <group-name> (Score: 0.4972)
2120
The peer group command adds a peer to a peer.
The undo peer group command deletes a peer from a peer group and all configurations of the peer.
By default, no peer group is created.
DEF: {
    "PageTitle": "neighbor",
    "FuncDef": "This command creates a BGP peer/neighbor instance within the context of the BGP group.",
    "CLIs": [
        "neighbor <ip-address>",
        "no neighbor <ip-address>"
    ],
    "ParentView": [
        "config>router>bgp>group"
    ],
    "ParaDef": [
        {
            "Parameters": "ip-address",
            "Info": "Specifies the IP address of the BGP peer router in dotted decimal notation. Values-ipv4-address:."
        }
    ],
    "Examples": null,
    "ExtraInfo": "Default: no neighbor"
} (Score: 0.3910)
DEF: {
    "PageTitle": "enable-peer-tracking",
    "FuncDef": "This command enables BGP peer tracking. BGP peer tracking allows a BGP peer to be dropped immediately if the route used to resolve the BGP peer address is removed from the IP routing table and there is no alternative available. The BGP peer will not wait for the holdtimer to expire; therefore, the BGP re-convergence process is accelerated.",
    "CLIs": [
        "enable-peer-tracking",
        "no enable-peer-tracking"
    ],
    "ParentView": [
        "config>router>bgp",
        "config>router>bgp>group",
        "config>router>bgp>group>neighbor"
    ],
    "ParaDef": null,
    "Examples": null,
    "ExtraInfo": "Default: no enable-peer-tracking"
} (Score: 0.3867)
CLI: peer <ipv6-address> group <group-name>
undo peer <ipv6-address> group <group-name> (Score: 0.4972)
1262
The peer group command adds a peer to a peer.
The undo peer group command deletes a peer from a peer group and all configurations of the peer.
By default, no peer group is created.
DEF: {
    "PageTitle": "neighbor",
    "FuncDef": "This command creates a BGP peer/neighbor instance within the context of the BGP group.",
    "CLIs": [
        "neighbor <ip-address>",
        "no neighbor <ip-address>"
    ],
    "ParentView": [
        "config>router>bgp>group"
    ],
    "ParaDef": [
        {
            "Parameters": "ip-address",
            "Info": "Specifies the IP address of the BGP peer router in dotted decimal notation. Values-ipv4-address:."
        }
    ],
    "Examples": null,
    "ExtraInfo": "Default: no neighbor"
} (Score: 0.3910)
DEF: {
    "PageTitle": "enable-peer-tracking",
    "FuncDef": "This command enables BGP peer tracking. BGP peer tracking allows a BGP peer to be dropped immediately if the route used to resolve the BGP peer address is removed from the IP routing table and there is no alternative available. The BGP peer will not wait for the holdtimer to expire; therefore, the BGP re-convergence process is accelerated.",
    "CLIs": [
        "enable-peer-tracking",
        "no enable-peer-tracking"
    ],
    "ParentView": [
        "config>router>bgp",
        "config>router>bgp>group",
        "config>router>bgp>group>neighbor"
    ],
    "ParaDef": null,
    "Examples": null,
    "ExtraInfo": "Default: no enable-peer-tracking"
} (Score: 0.3867)
/miniforge/envs/safe/lib/python3.10/site-packages/transformers/generation/configuration_utils.py:590: UserWarning: `do_sample` is set to `False`. However, `temperature` is set to `0.7` -- this flag is only used in sample-based generation modes. You should set `do_sample=True` or unset `temperature`.
  warnings.warn(
/miniforge/envs/safe/lib/python3.10/site-packages/transformers/generation/configuration_utils.py:595: UserWarning: `do_sample` is set to `False`. However, `top_p` is set to `0.8` -- this flag is only used in sample-based generation modes. You should set `do_sample=True` or unset `top_p`.
  warnings.warn(
/miniforge/envs/safe/lib/python3.10/site-packages/transformers/generation/configuration_utils.py:612: UserWarning: `do_sample` is set to `False`. However, `top_k` is set to `20` -- this flag is only used in sample-based generation modes. You should set `do_sample=True` or unset `top_k`.
  warnings.warn(
------------
As a network device expert, please determine whether the following answer correctly responds to the user's question based on the router configuration manual. Only output "Correct" or "Incorrect" without any explanation or additional information. You must make your own judgment based on the Router configuration manual provided to you, not on your own knowledge.
---
## User question:
Add the IPv6 peer address 2001:db8:85a3::8a2e:370:7334 to the group named "bgp_ls_group1" on a Nokia router.
---
## Proposed answer:
Based on the user's request and the provided reference content, the appropriate CLI configuration commands to add the IPv6 peer address `2001:db8:85a3::8a2e:370:7334` to the group named "bgp_ls_group1" on a Nokia router would be:

```plaintext
config>router>bgp>group:bgp_ls_group1
  neighbor 2001:db8:85a3::8a2e:370:7334
  family ipv6
```

Explanation:
- `config>router>bgp>group:bgp_ls_group1`: Enters the BGP group configuration mode for the group named "bgp_ls_group1".
- `neighbor 2001:db8:85a3::8a2e:370:7334`: Adds the specified IPv6 peer address to the group.
- `family ipv6`: Configures the family-specific parameters for IPv6 for the specified neighbor.
---
## Router configuration manual:
CLIs:
peer <ipv6-address> group <group-name>
undo peer <ipv6-address> group <group-name>
FuncDef:
The peer group command adds a peer to a peer.
The undo peer group command deletes a peer from a peer group and all configurations of the peer.
By default, no peer group is created.
ParaDef:
{'Parameters': 'ipv6-address', 'Info': 'Specifies the IPv6 address of a peer.\nThe value is a 32-digit hexadecimal number, in the format of X:X:X:X:X:X:X:X.'}
{'Parameters': 'group-name', 'Info': 'Specifies the name of a peer group.\nThe value is a string of 1 to 47 case-sensitive characters, spaces not supported.'}
---
Please answer Correct or Incorrect.
Your answer:
------------
Incorrect
------------
  0%|          | 9/4550 [03:18<27:21:53, 21.69s/it]CLI: peer <group-name> ebgp-max-hop [ <hop-count> ]
undo peer <group-name> ebgp-max-hop (Score: 0.4952)
1650
The peer ebgp-max-hop command configures a BGP device to establish an EBGP peer relationship with a peer on an indirectly-connected network and set the maximum number of hops between the two devices.
The undo peer ebgp-max-hop command cancels the existing configuration.
By default, an EBGP connection can be set up only on a directly-connected physical link.
DEF: {
    "PageTitle": "third-party-nexthop",
    "FuncDef": "Use this command to enable the router to send third-party next-hop to EBGP peers in the same subnet as the source peer, as described in RFC 4271. If enabled when an IPv4 or IPv6 route is received from one EBGP peer and advertised to another EBGP peer in the same IP subnet, the BGP next-hop is left unchanged. Third-party next-hop is not done if the address family of the transport does not match the address family of the route.",
    "CLIs": [
        "third-party-nexthop",
        "no third-party-nexthop"
    ],
    "ParentView": [
        "config>router>bgp",
        "config>router>bgp>group>neighbor"
    ],
    "ParaDef": null,
    "Examples": null,
    "ExtraInfo": "Default: no third-party-nexthop"
} (Score: 0.6134)
DEF: {
    "PageTitle": "add-to-received-ebgp",
    "FuncDef": "This command configures BGP to automatically add a link-bandwidth extended community to every route received from a directly connected (single-hop) EBGP peer within the scope of the command, as long as that route belongs to one of the listed address families.",
    "CLIs": [
        "add-to-received-ebgp <family> [ <family> ]",
        "no add-to-received-ebgp"
    ],
    "ParentView": [
        "config>router>bgp>group>link-bandwidth",
        "config>router>bgp>group>neighbor>link-bandwidth"
    ],
    "ParaDef": [
        {
            "Parameters": "family",
            "Info": "Specifies the address families for which receiving the link-bandwidth extended community from EBGP peers should be supported. Values-ipv4 - Adds a link-bandwidth extended community to unlabeled unicast IPv4 routes.."
        }
    ],
    "Examples": null,
    "ExtraInfo": "Default: no add-to-received-ebgp"
} (Score: 0.5576)
CLI: peer <group-name> ebgp-max-hop [ <hop-count> ]
undo peer <group-name> ebgp-max-hop (Score: 0.4952)
2047
The peer ebgp-max-hop command configures a BGP device to establish an EBGP peer relationship with a peer on an indirectly-connected network and set the maximum number of hops between the two devices.
The undo peer ebgp-max-hop command cancels the existing configuration.
By default, an EBGP connection can be set up only on a directly-connected physical link.
DEF: {
    "PageTitle": "third-party-nexthop",
    "FuncDef": "Use this command to enable the router to send third-party next-hop to EBGP peers in the same subnet as the source peer, as described in RFC 4271. If enabled when an IPv4 or IPv6 route is received from one EBGP peer and advertised to another EBGP peer in the same IP subnet, the BGP next-hop is left unchanged. Third-party next-hop is not done if the address family of the transport does not match the address family of the route.",
    "CLIs": [
        "third-party-nexthop",
        "no third-party-nexthop"
    ],
    "ParentView": [
        "config>router>bgp",
        "config>router>bgp>group>neighbor"
    ],
    "ParaDef": null,
    "Examples": null,
    "ExtraInfo": "Default: no third-party-nexthop"
} (Score: 0.6134)
DEF: {
    "PageTitle": "add-to-received-ebgp",
    "FuncDef": "This command configures BGP to automatically add a link-bandwidth extended community to every route received from a directly connected (single-hop) EBGP peer within the scope of the command, as long as that route belongs to one of the listed address families.",
    "CLIs": [
        "add-to-received-ebgp <family> [ <family> ]",
        "no add-to-received-ebgp"
    ],
    "ParentView": [
        "config>router>bgp>group>link-bandwidth",
        "config>router>bgp>group>neighbor>link-bandwidth"
    ],
    "ParaDef": [
        {
            "Parameters": "family",
            "Info": "Specifies the address families for which receiving the link-bandwidth extended community from EBGP peers should be supported. Values-ipv4 - Adds a link-bandwidth extended community to unlabeled unicast IPv4 routes.."
        }
    ],
    "Examples": null,
    "ExtraInfo": "Default: no add-to-received-ebgp"
} (Score: 0.5576)
CLI: peer <group-name> ebgp-max-hop [ <hop-count> ]
undo peer <group-name> ebgp-max-hop (Score: 0.4952)
1884
The peer ebgp-max-hop command configures a BGP device to establish an EBGP peer relationship with a peer on an indirectly-connected network and set the maximum number of hops between the two devices.
The undo peer ebgp-max-hop command cancels the existing configuration.
By default, an EBGP connection can be set up only on a directly-connected physical link.
DEF: {
    "PageTitle": "third-party-nexthop",
    "FuncDef": "Use this command to enable the router to send third-party next-hop to EBGP peers in the same subnet as the source peer, as described in RFC 4271. If enabled when an IPv4 or IPv6 route is received from one EBGP peer and advertised to another EBGP peer in the same IP subnet, the BGP next-hop is left unchanged. Third-party next-hop is not done if the address family of the transport does not match the address family of the route.",
    "CLIs": [
        "third-party-nexthop",
        "no third-party-nexthop"
    ],
    "ParentView": [
        "config>router>bgp",
        "config>router>bgp>group>neighbor"
    ],
    "ParaDef": null,
    "Examples": null,
    "ExtraInfo": "Default: no third-party-nexthop"
} (Score: 0.6134)
DEF: {
    "PageTitle": "add-to-received-ebgp",
    "FuncDef": "This command configures BGP to automatically add a link-bandwidth extended community to every route received from a directly connected (single-hop) EBGP peer within the scope of the command, as long as that route belongs to one of the listed address families.",
    "CLIs": [
        "add-to-received-ebgp <family> [ <family> ]",
        "no add-to-received-ebgp"
    ],
    "ParentView": [
        "config>router>bgp>group>link-bandwidth",
        "config>router>bgp>group>neighbor>link-bandwidth"
    ],
    "ParaDef": [
        {
            "Parameters": "family",
            "Info": "Specifies the address families for which receiving the link-bandwidth extended community from EBGP peers should be supported. Values-ipv4 - Adds a link-bandwidth extended community to unlabeled unicast IPv4 routes.."
        }
    ],
    "Examples": null,
    "ExtraInfo": "Default: no add-to-received-ebgp"
} (Score: 0.5576)
CLI: peer <group-name> ebgp-max-hop [ <hop-count> ]
undo peer <group-name> ebgp-max-hop (Score: 0.4952)
759
The peer ebgp-max-hop command configures a BGP device to establish an EBGP peer relationship with a peer on an indirectly-connected network and set the maximum number of hops between the two devices.
The undo peer ebgp-max-hop command cancels the existing configuration.
By default, an EBGP connection can be set up only on a directly-connected physical link.
DEF: {
    "PageTitle": "third-party-nexthop",
    "FuncDef": "Use this command to enable the router to send third-party next-hop to EBGP peers in the same subnet as the source peer, as described in RFC 4271. If enabled when an IPv4 or IPv6 route is received from one EBGP peer and advertised to another EBGP peer in the same IP subnet, the BGP next-hop is left unchanged. Third-party next-hop is not done if the address family of the transport does not match the address family of the route.",
    "CLIs": [
        "third-party-nexthop",
        "no third-party-nexthop"
    ],
    "ParentView": [
        "config>router>bgp",
        "config>router>bgp>group>neighbor"
    ],
    "ParaDef": null,
    "Examples": null,
    "ExtraInfo": "Default: no third-party-nexthop"
} (Score: 0.6134)
DEF: {
    "PageTitle": "add-to-received-ebgp",
    "FuncDef": "This command configures BGP to automatically add a link-bandwidth extended community to every route received from a directly connected (single-hop) EBGP peer within the scope of the command, as long as that route belongs to one of the listed address families.",
    "CLIs": [
        "add-to-received-ebgp <family> [ <family> ]",
        "no add-to-received-ebgp"
    ],
    "ParentView": [
        "config>router>bgp>group>link-bandwidth",
        "config>router>bgp>group>neighbor>link-bandwidth"
    ],
    "ParaDef": [
        {
            "Parameters": "family",
            "Info": "Specifies the address families for which receiving the link-bandwidth extended community from EBGP peers should be supported. Values-ipv4 - Adds a link-bandwidth extended community to unlabeled unicast IPv4 routes.."
        }
    ],
    "Examples": null,
    "ExtraInfo": "Default: no add-to-received-ebgp"
} (Score: 0.5576)
CLI: peer <group-name> ebgp-max-hop [ <hop-count> ]
undo peer <group-name> ebgp-max-hop (Score: 0.4952)
310
The peer ebgp-max-hop command configures a BGP device to establish an EBGP peer relationship with a peer on an indirectly-connected network and set the maximum number of hops between the two devices.
The undo peer ebgp-max-hop command cancels the existing configuration.
By default, an EBGP connection can be set up only on a directly-connected physical link.
DEF: {
    "PageTitle": "third-party-nexthop",
    "FuncDef": "Use this command to enable the router to send third-party next-hop to EBGP peers in the same subnet as the source peer, as described in RFC 4271. If enabled when an IPv4 or IPv6 route is received from one EBGP peer and advertised to another EBGP peer in the same IP subnet, the BGP next-hop is left unchanged. Third-party next-hop is not done if the address family of the transport does not match the address family of the route.",
    "CLIs": [
        "third-party-nexthop",
        "no third-party-nexthop"
    ],
    "ParentView": [
        "config>router>bgp",
        "config>router>bgp>group>neighbor"
    ],
    "ParaDef": null,
    "Examples": null,
    "ExtraInfo": "Default: no third-party-nexthop"
} (Score: 0.6134)
DEF: {
    "PageTitle": "add-to-received-ebgp",
    "FuncDef": "This command configures BGP to automatically add a link-bandwidth extended community to every route received from a directly connected (single-hop) EBGP peer within the scope of the command, as long as that route belongs to one of the listed address families.",
    "CLIs": [
        "add-to-received-ebgp <family> [ <family> ]",
        "no add-to-received-ebgp"
    ],
    "ParentView": [
        "config>router>bgp>group>link-bandwidth",
        "config>router>bgp>group>neighbor>link-bandwidth"
    ],
    "ParaDef": [
        {
            "Parameters": "family",
            "Info": "Specifies the address families for which receiving the link-bandwidth extended community from EBGP peers should be supported. Values-ipv4 - Adds a link-bandwidth extended community to unlabeled unicast IPv4 routes.."
        }
    ],
    "Examples": null,
    "ExtraInfo": "Default: no add-to-received-ebgp"
} (Score: 0.5576)
/miniforge/envs/safe/lib/python3.10/site-packages/transformers/generation/configuration_utils.py:590: UserWarning: `do_sample` is set to `False`. However, `temperature` is set to `0.7` -- this flag is only used in sample-based generation modes. You should set `do_sample=True` or unset `temperature`.
  warnings.warn(
/miniforge/envs/safe/lib/python3.10/site-packages/transformers/generation/configuration_utils.py:595: UserWarning: `do_sample` is set to `False`. However, `top_p` is set to `0.8` -- this flag is only used in sample-based generation modes. You should set `do_sample=True` or unset `top_p`.
  warnings.warn(
/miniforge/envs/safe/lib/python3.10/site-packages/transformers/generation/configuration_utils.py:612: UserWarning: `do_sample` is set to `False`. However, `top_k` is set to `20` -- this flag is only used in sample-based generation modes. You should set `do_sample=True` or unset `top_k`.
  warnings.warn(
------------
As a network device expert, please determine whether the following answer correctly responds to the user's question based on the router configuration manual. Only output "Correct" or "Incorrect" without any explanation or additional information. You must make your own judgment based on the Router configuration manual provided to you, not on your own knowledge.
---
## User question:
Add peer with IPv6 address 2001:db8:85a3::8a2e:370:7334 to group 'bgp_ls_group' on Nokia router.
---
## Proposed answer:
Based on the user's request and the provided reference content, there are no specific commands mentioned in the reference content that directly pertain to adding a peer with an IPv6 address to a BGP group. The reference content focuses on enabling third-party next-hop and adding link-bandwidth extended communities, which are not relevant to the task at hand.

However, based on typical BGP configuration practices, the following commands can be inferred to achieve the user's request:

```plaintext
config>router>bgp
config-router-bgp>group bgp_ls_group
config-router-bgp-group>neighbor 2001:db8:85a3::8a2e:370:7334
```

These commands configure the BGP group named `bgp_ls_group` and specify the peer with the IPv6 address `2001:db8:85a3::8a2e:370:7334`. Note that the exact syntax might vary slightly depending on the specific Nokia router model and its configuration language. The commands provided are based on common BGP configuration practices and should be adjusted according to the actual CLI of the router.
---
## Router configuration manual:
CLIs:
peer <ipv6-address> group <group-name>
undo peer <ipv6-address> group <group-name>
FuncDef:
The peer group command adds a peer to a peer.
The undo peer group command deletes a peer from a peer group and all configurations of the peer.
By default, no peer group is created.
ParaDef:
{'Parameters': 'ipv6-address', 'Info': 'Specifies the IPv6 address of a peer.\nThe value is a 32-digit hexadecimal number, in the format of X:X:X:X:X:X:X:X.'}
{'Parameters': 'group-name', 'Info': 'Specifies the name of a peer group.\nThe value is a string of 1 to 47 case-sensitive characters, spaces not supported.'}
---
Please answer Correct or Incorrect.
Your answer:
------------
Incorrect
------------
  0%|          | 10/4550 [03:37<26:20:25, 20.89s/it]CLI: peer <ipv4-address> default-route-advertise [ route-policy <route-policy-name> ]
peer <ipv4-address> default-route-advertise route-filter <route-filter-name>
peer <ipv4-address> default-route-advertise [ route-policy <route-policy-name> ] { conditional-route-match-all | conditional-route-match-any } { <ipv6-address> <mask-length> } &<1-4>
peer <ipv4-address> default-route-advertise route-filter <route-filter-name> { conditional-route-match-all | conditional-route-match-any } { <ipv6-address> <mask-length> } &<1-4>
undo peer <ipv4-address> default-route-advertise (Score: 0.4954)
1301
The peer default-route-advertise command configures a BGP device to advertise a default route to its peer.
The undo peer default-route-advertise command cancels the configuration.
By default, a BGP device does not advertise any default route to its peer.
DEF: {
    "PageTitle": "advertise-inactive",
    "FuncDef": "This command enables the advertising of inactive BGP routes to other BGP peers. By default, BGP only advertises BGP routes to other BGP peers if a given BGP route is chosen by the route table manager as the most preferred route within the system and is active in the forwarding plane. This command allows system administrators to advertise a BGP route even though it is not the most preferred route within the system for a given destination.",
    "CLIs": [
        "advertise-inactive",
        "no advertise-inactive"
    ],
    "ParentView": [
        "config>router>bgp",
        "config>router>bgp>group",
        "config>router>bgp>group>neighbor"
    ],
    "ParaDef": null,
    "Examples": null,
    "ExtraInfo": "Default: no advertise-inactive"
} (Score: 0.6801)
DEF: {
    "PageTitle": "default-route-target",
    "FuncDef": "This command originates the default RTC route (zero prefix length) towards the selected peers.",
    "CLIs": [
        "default-route-target",
        "no default-route-target"
    ],
    "ParentView": [
        "config>router>bgp>group",
        "config>router>bgp>group>neighbor"
    ],
    "ParaDef": null,
    "Examples": null,
    "ExtraInfo": "Default: no default-route-target"
} (Score: 0.5666)
CLI: peer <group-name> default-route-advertise [ route-policy <route-policy-name> ]
peer <group-name> default-route-advertise [ route-policy <route-policy-name> ] { conditional-route-match-all | conditional-route-match-any } { <ipv4-address> { <mask-length> | <mask> } } &<1-4>
peer <group-name> default-route-advertise route-filter <route-filter-name>
peer <group-name> default-route-advertise route-filter <route-filter-name> { conditional-route-match-all | conditional-route-match-any } { <ipv4-address> { <mask-length> | <mask> } } &<1-4>
undo peer <group-name> default-route-advertise (Score: 0.4948)
316
The peer default-route-advertise command configures a BGP device to advertise a default route to its peer group.
The undo peer default-route-advertise command cancels the configuration.
By default, a BGP device does not advertise any default route to its peer group.
DEF: {
    "PageTitle": "advertise-inactive",
    "FuncDef": "This command enables the advertising of inactive BGP routes to other BGP peers. By default, BGP only advertises BGP routes to other BGP peers if a given BGP route is chosen by the route table manager as the most preferred route within the system and is active in the forwarding plane. This command allows system administrators to advertise a BGP route even though it is not the most preferred route within the system for a given destination.",
    "CLIs": [
        "advertise-inactive",
        "no advertise-inactive"
    ],
    "ParentView": [
        "config>router>bgp",
        "config>router>bgp>group",
        "config>router>bgp>group>neighbor"
    ],
    "ParaDef": null,
    "Examples": null,
    "ExtraInfo": "Default: no advertise-inactive"
} (Score: 0.6745)
DEF: {
    "PageTitle": "default-route-target",
    "FuncDef": "This command originates the default RTC route (zero prefix length) towards the selected peers.",
    "CLIs": [
        "default-route-target",
        "no default-route-target"
    ],
    "ParentView": [
        "config>router>bgp>group",
        "config>router>bgp>group>neighbor"
    ],
    "ParaDef": null,
    "Examples": null,
    "ExtraInfo": "Default: no default-route-target"
} (Score: 0.5710)
CLI: peer <group-name> default-route-advertise [ route-policy <route-policy-name> ]
peer <group-name> default-route-advertise route-filter <route-filter-name>
peer <group-name> default-route-advertise [ route-policy <route-policy-name> ] { conditional-route-match-all | conditional-route-match-any } { <ipv4-address> { <mask-length> | <mask> } } &<1-4>
peer <group-name> default-route-advertise route-filter <route-filter-name> { conditional-route-match-all | conditional-route-match-any } { <ipv4-address> { <mask-length> | <mask> } } &<1-4>
undo peer <group-name> default-route-advertise (Score: 0.4922)
1892
The peer default-route-advertise command configures a BGP device to advertise a default route to its peer group.
The undo peer default-route-advertise command cancels the configuration.
By default, a BGP device does not advertise any default route to its peer group.
DEF: {
    "PageTitle": "advertise-inactive",
    "FuncDef": "This command enables the advertising of inactive BGP routes to other BGP peers. By default, BGP only advertises BGP routes to other BGP peers if a given BGP route is chosen by the route table manager as the most preferred route within the system and is active in the forwarding plane. This command allows system administrators to advertise a BGP route even though it is not the most preferred route within the system for a given destination.",
    "CLIs": [
        "advertise-inactive",
        "no advertise-inactive"
    ],
    "ParentView": [
        "config>router>bgp",
        "config>router>bgp>group",
        "config>router>bgp>group>neighbor"
    ],
    "ParaDef": null,
    "Examples": null,
    "ExtraInfo": "Default: no advertise-inactive"
} (Score: 0.6745)
DEF: {
    "PageTitle": "default-route-target",
    "FuncDef": "This command originates the default RTC route (zero prefix length) towards the selected peers.",
    "CLIs": [
        "default-route-target",
        "no default-route-target"
    ],
    "ParentView": [
        "config>router>bgp>group",
        "config>router>bgp>group>neighbor"
    ],
    "ParaDef": null,
    "Examples": null,
    "ExtraInfo": "Default: no default-route-target"
} (Score: 0.5710)
CLI: peer <group-name> default-route-advertise [ route-policy <route-policy-name> ]
peer <group-name> default-route-advertise route-filter <route-filter-name>
peer <group-name> default-route-advertise [ route-policy <route-policy-name> ] { conditional-route-match-all | conditional-route-match-any } { <ipv4-address> { <mask-length> | <mask> } } &<1-4>
peer <group-name> default-route-advertise route-filter <route-filter-name> { conditional-route-match-all | conditional-route-match-any } { <ipv4-address> { <mask-length> | <mask> } } &<1-4>
undo peer <group-name> default-route-advertise (Score: 0.4922)
755
The peer default-route-advertise command configures a BGP device to advertise a default route to its peer group.
The undo peer default-route-advertise command cancels the configuration.
By default, a BGP device does not advertise any default route to its peer group.
DEF: {
    "PageTitle": "advertise-inactive",
    "FuncDef": "This command enables the advertising of inactive BGP routes to other BGP peers. By default, BGP only advertises BGP routes to other BGP peers if a given BGP route is chosen by the route table manager as the most preferred route within the system and is active in the forwarding plane. This command allows system administrators to advertise a BGP route even though it is not the most preferred route within the system for a given destination.",
    "CLIs": [
        "advertise-inactive",
        "no advertise-inactive"
    ],
    "ParentView": [
        "config>router>bgp",
        "config>router>bgp>group",
        "config>router>bgp>group>neighbor"
    ],
    "ParaDef": null,
    "Examples": null,
    "ExtraInfo": "Default: no advertise-inactive"
} (Score: 0.6745)
DEF: {
    "PageTitle": "default-route-target",
    "FuncDef": "This command originates the default RTC route (zero prefix length) towards the selected peers.",
    "CLIs": [
        "default-route-target",
        "no default-route-target"
    ],
    "ParentView": [
        "config>router>bgp>group",
        "config>router>bgp>group>neighbor"
    ],
    "ParaDef": null,
    "Examples": null,
    "ExtraInfo": "Default: no default-route-target"
} (Score: 0.5710)
CLI: peer <group-name> default-route-advertise [ route-policy <route-policy-name> ]
peer <group-name> default-route-advertise route-filter <route-filter-name>
peer <group-name> default-route-advertise [ route-policy <route-policy-name> ] { conditional-route-match-all | conditional-route-match-any } { <ipv6-address> <mask-length> } &<1-4>
peer <group-name> default-route-advertise route-filter <route-filter-name> { conditional-route-match-all | conditional-route-match-any } { <ipv6-address> <mask-length> } &<1-4>
undo peer <group-name> default-route-advertise (Score: 0.4912)
778
The peer default-route-advertise command configures a BGP device to advertise a default route to its peer group.
The undo peer default-route-advertise command cancels the configuration.
By default, a BGP device does not advertise any default route to its peer group.
DEF: {
    "PageTitle": "advertise-inactive",
    "FuncDef": "This command enables the advertising of inactive BGP routes to other BGP peers. By default, BGP only advertises BGP routes to other BGP peers if a given BGP route is chosen by the route table manager as the most preferred route within the system and is active in the forwarding plane. This command allows system administrators to advertise a BGP route even though it is not the most preferred route within the system for a given destination.",
    "CLIs": [
        "advertise-inactive",
        "no advertise-inactive"
    ],
    "ParentView": [
        "config>router>bgp",
        "config>router>bgp>group",
        "config>router>bgp>group>neighbor"
    ],
    "ParaDef": null,
    "Examples": null,
    "ExtraInfo": "Default: no advertise-inactive"
} (Score: 0.6745)
DEF: {
    "PageTitle": "default-route-target",
    "FuncDef": "This command originates the default RTC route (zero prefix length) towards the selected peers.",
    "CLIs": [
        "default-route-target",
        "no default-route-target"
    ],
    "ParentView": [
        "config>router>bgp>group",
        "config>router>bgp>group>neighbor"
    ],
    "ParaDef": null,
    "Examples": null,
    "ExtraInfo": "Default: no default-route-target"
} (Score: 0.5710)
/miniforge/envs/safe/lib/python3.10/site-packages/transformers/generation/configuration_utils.py:590: UserWarning: `do_sample` is set to `False`. However, `temperature` is set to `0.7` -- this flag is only used in sample-based generation modes. You should set `do_sample=True` or unset `temperature`.
  warnings.warn(
/miniforge/envs/safe/lib/python3.10/site-packages/transformers/generation/configuration_utils.py:595: UserWarning: `do_sample` is set to `False`. However, `top_p` is set to `0.8` -- this flag is only used in sample-based generation modes. You should set `do_sample=True` or unset `top_p`.
  warnings.warn(
/miniforge/envs/safe/lib/python3.10/site-packages/transformers/generation/configuration_utils.py:612: UserWarning: `do_sample` is set to `False`. However, `top_k` is set to `20` -- this flag is only used in sample-based generation modes. You should set `do_sample=True` or unset `top_k`.
  warnings.warn(
------------
As a network device expert, please determine whether the following answer correctly responds to the user's question based on the router configuration manual. Only output "Correct" or "Incorrect" without any explanation or additional information. You must make your own judgment based on the Router configuration manual provided to you, not on your own knowledge.
---
## User question:
How to configure Nokia routers to filter incoming BGP-LS routes from IPv6 peer 2001:DB8:2::2 using a route policy named "filter-inbound"?
---
## Proposed answer:
Based on the user's request and the provided configuration manual content, there is no direct command mentioned for filtering BGP-LS routes from an IPv6 peer using a route policy named "filter-inbound". The provided content does not include commands related to route policies or BGP-LS filtering. However, I can provide you with a generic example of how such a configuration might look like based on typical BGP configurations, assuming the necessary commands exist in the Nokia router's configuration manual:

```plaintext
configure terminal

router bgp <AS_NUMBER>
 neighbor 2001:DB8:2::2 route-policy filter-inbound in
```

In this example:
- `<AS_NUMBER>` should be replaced with the actual Autonomous System Number (ASN) of your BGP router.
- `route-policy filter-inbound` is used to apply the route policy named "filter-inbound" to the incoming routes from the specified IPv6 peer.

If the exact command `route-policy` is not available in the Nokia router's configuration, you would need to refer to the specific documentation for the correct command syntax. The provided content does not contain any relevant commands for route filtering or route policies, so the above example is a hypothetical representation based on common BGP practices.
---
## Router configuration manual:
CLIs:
peer <ipv6-address> route-policy <route-policy-name> import
undo peer <ipv6-address> route-policy <route-policy-name> import
FuncDef:
The peer route-policy import command specifies a route-policy for filtering routes received from a peer.
The undo peer route-policy import command deletes a specified route-policy.
By default, no route-policy is configured for filtering routes received from a peer.
ParaDef:
{'Parameters': 'ipv6-address', 'Info': 'Specify an IPv6 peer address.\nThe value is a 32-digit hexadecimal number, in the format of X:X:X:X:X:X:X:X'}
{'Parameters': 'route-policy-name', 'Info': 'Name of the route policy.\nThe value is a string of 1 to 200 case-sensitive characters, spaces not supported.'}
{'Parameters': 'import', 'Info': 'Specify import policy.\n-'}
---
Please answer Correct or Incorrect.
Your answer:
------------
Correct
------------
  0%|          | 11/4550 [03:58<26:17:05, 20.85s/it]