Loading checkpoint shards:   0%|          | 0/4 [00:00<?, ?it/s]Loading checkpoint shards:  25%|██▌       | 1/4 [00:01<00:04,  1.38s/it]Loading checkpoint shards:  50%|█████     | 2/4 [00:02<00:02,  1.33s/it]Loading checkpoint shards:  75%|███████▌  | 3/4 [00:03<00:01,  1.31s/it]Loading checkpoint shards: 100%|██████████| 4/4 [00:05<00:00,  1.35s/it]Loading checkpoint shards: 100%|██████████| 4/4 [00:05<00:00,  1.34s/it]
  0%|          | 0/364 [00:00<?, ?it/s]input_text
How to configure huawei routers to receive and utilize the link-bandwidth extended community for IPv6 routes advertised by EBGP peers?
/miniforge/envs/safe/lib/python3.10/site-packages/transformers/generation/configuration_utils.py:590: UserWarning: `do_sample` is set to `False`. However, `temperature` is set to `0.7` -- this flag is only used in sample-based generation modes. You should set `do_sample=True` or unset `temperature`.
  warnings.warn(
/miniforge/envs/safe/lib/python3.10/site-packages/transformers/generation/configuration_utils.py:595: UserWarning: `do_sample` is set to `False`. However, `top_p` is set to `0.8` -- this flag is only used in sample-based generation modes. You should set `do_sample=True` or unset `top_p`.
  warnings.warn(
/miniforge/envs/safe/lib/python3.10/site-packages/transformers/generation/configuration_utils.py:612: UserWarning: `do_sample` is set to `False`. However, `top_k` is set to `20` -- this flag is only used in sample-based generation modes. You should set `do_sample=True` or unset `top_k`.
  warnings.warn(
原cli:
link-bandwidth receive-extended-community
匹配的cli
slow-peer absolute-detection threshold <threshold>
undo slow-peer absolute-detection threshold <threshold>
查询的def
The slow-peer absolute-detection threshold command configures an absolute threshold for slow peer detection.
The undo slow-peer absolute-detection threshold command restores the absolute threshold of slow peer detection.
By default, the absolute threshold of slow peer detection is 9s.
检索到的def
This command disables the use of 4-byte ASNs. It can be configured at all 3 level of the hierarchy so it can be specified down to the per peer basis.
检索到的def
When this command is configured so that it applies to an EBGP session, all routes (belonging to all address families) that are received from the EBGP peer are checked to ensure that the most recent autonomous system number (ASN) in the AS_PATH attribute of each route matches the configuredpeer-asof the session; if it does not match, then either the session is reset (ifupdate-fault-toleranceis not enabled) or the session is left up but the route is treated as withdrawn (ifupdate-fault-toleranceis enabled).
检索到的def
This command configures the minimum interval, in seconds, between successive updates of a prefix towards a peer.
检索到的def
This command configures TTL security parameters for incoming packets. When the feature is enabled, BGP will accept incoming IP packets from a peer only if the TTL value in the packet is greater than or equal to the minimum TTL value configured for that peer.
检索到的def
This command configures the autonomous system number for the remote peer. The peer AS number must be configured for each configured peer.
匹配的cli
slow-peer absolute-detection threshold <threshold>
undo slow-peer absolute-detection threshold <threshold>
查询的def
The slow-peer absolute-detection threshold command configures an absolute threshold for slow peer detection.
The undo slow-peer absolute-detection threshold command restores the absolute threshold of slow peer detection.
By default, the absolute threshold of slow peer detection is 9s.
检索到的def
This command disables the use of 4-byte ASNs. It can be configured at all 3 level of the hierarchy so it can be specified down to the per peer basis.
检索到的def
When this command is configured so that it applies to an EBGP session, all routes (belonging to all address families) that are received from the EBGP peer are checked to ensure that the most recent autonomous system number (ASN) in the AS_PATH attribute of each route matches the configuredpeer-asof the session; if it does not match, then either the session is reset (ifupdate-fault-toleranceis not enabled) or the session is left up but the route is treated as withdrawn (ifupdate-fault-toleranceis enabled).
检索到的def
This command configures the minimum interval, in seconds, between successive updates of a prefix towards a peer.
检索到的def
This command configures TTL security parameters for incoming packets. When the feature is enabled, BGP will accept incoming IP packets from a peer only if the TTL value in the packet is greater than or equal to the minimum TTL value configured for that peer.
检索到的def
This command configures the autonomous system number for the remote peer. The peer AS number must be configured for each configured peer.
匹配的cli
slow-peer absolute-detection threshold <threshold>
undo slow-peer absolute-detection threshold <threshold>
查询的def
The slow-peer absolute-detection threshold command configures an absolute threshold for slow peer detection.
The undo slow-peer absolute-detection threshold command restores the absolute threshold of slow peer detection.
By default, the absolute threshold of slow peer detection is 9s.
检索到的def
This command disables the use of 4-byte ASNs. It can be configured at all 3 level of the hierarchy so it can be specified down to the per peer basis.
检索到的def
When this command is configured so that it applies to an EBGP session, all routes (belonging to all address families) that are received from the EBGP peer are checked to ensure that the most recent autonomous system number (ASN) in the AS_PATH attribute of each route matches the configuredpeer-asof the session; if it does not match, then either the session is reset (ifupdate-fault-toleranceis not enabled) or the session is left up but the route is treated as withdrawn (ifupdate-fault-toleranceis enabled).
检索到的def
This command configures the minimum interval, in seconds, between successive updates of a prefix towards a peer.
检索到的def
This command configures TTL security parameters for incoming packets. When the feature is enabled, BGP will accept incoming IP packets from a peer only if the TTL value in the packet is greater than or equal to the minimum TTL value configured for that peer.
检索到的def
This command configures the autonomous system number for the remote peer. The peer AS number must be configured for each configured peer.
匹配的cli
slow-peer absolute-detection threshold <threshold>
undo slow-peer absolute-detection threshold <threshold>
查询的def
The slow-peer absolute-detection threshold command enables slow peer detection.
The undo slow-peer absolute-detection threshold command disables slow peer detection.
By default, slow peer detection is enabled, and the slow peer detection threshold is 300s.
检索到的def
This command disables the use of 4-byte ASNs. It can be configured at all 3 level of the hierarchy so it can be specified down to the per peer basis.
检索到的def
This command disables capability negotiation. When the command is enabled and after the peering is flapped, any new capabilities are not negotiated and will strictly support IPv4 routing exchanges with that peer.
检索到的def
When this command is configured so that it applies to an EBGP session, all routes (belonging to all address families) that are received from the EBGP peer are checked to ensure that the most recent autonomous system number (ASN) in the AS_PATH attribute of each route matches the configuredpeer-asof the session; if it does not match, then either the session is reset (ifupdate-fault-toleranceis not enabled) or the session is left up but the route is treated as withdrawn (ifupdate-fault-toleranceis enabled).
检索到的def
This command enables BGP peer tracking. BGP peer tracking allows a BGP peer to be dropped immediately if the route used to resolve the BGP peer address is removed from the IP routing table and there is no alternative available. The BGP peer will not wait for the holdtimer to expire; therefore, the BGP re-convergence process is accelerated.
检索到的def
This command configures the minimum interval, in seconds, between successive updates of a prefix towards a peer.
匹配的cli
slow-peer absolute-detection threshold <threshold>
undo slow-peer absolute-detection threshold <threshold>
查询的def
The slow-peer absolute-detection threshold command configures an absolute threshold for slow peer detection.
The undo slow-peer absolute-detection threshold command restores the absolute threshold of slow peer detection.
By default, the absolute threshold of slow peer detection is 9s.
检索到的def
This command disables the use of 4-byte ASNs. It can be configured at all 3 level of the hierarchy so it can be specified down to the per peer basis.
检索到的def
When this command is configured so that it applies to an EBGP session, all routes (belonging to all address families) that are received from the EBGP peer are checked to ensure that the most recent autonomous system number (ASN) in the AS_PATH attribute of each route matches the configuredpeer-asof the session; if it does not match, then either the session is reset (ifupdate-fault-toleranceis not enabled) or the session is left up but the route is treated as withdrawn (ifupdate-fault-toleranceis enabled).
检索到的def
This command configures the minimum interval, in seconds, between successive updates of a prefix towards a peer.
检索到的def
This command configures TTL security parameters for incoming packets. When the feature is enabled, BGP will accept incoming IP packets from a peer only if the TTL value in the packet is greater than or equal to the minimum TTL value configured for that peer.
检索到的def
This command configures the autonomous system number for the remote peer. The peer AS number must be configured for each configured peer.
input_text
You are an expert assistant in configuring network devices. Based on the user's request and the retrieved content from the router configuration manual below, generate appropriate CLI configuration commands.

---

User Request:  
How to configure Nokia routers to receive and utilize the link-bandwidth extended community for IPv6 routes advertised by EBGP peers?

Retrieved Reference Content (from the configuration manual):  
{
    "PageTitle": "min-route-advertisement",
    "FuncDef": "This command configures the minimum interval, in seconds, between successive updates of a prefix towards a peer.",
    "CLIs": [
        "min-route-advertisement <seconds>",
        "no min-route-advertisement"
    ],
    "ParentView": [
        "config>router>bgp",
        "config>router>bgp>group",
        "config>router>bgp>group>neighbor"
    ],
    "ParaDef": [
        {
            "Parameters": "seconds",
            "Info": "Specifies the minimum route advertising interval, in seconds, expressed as a decimal integer. Values-1 to 255."
        }
    ],
    "Examples": null,
    "ExtraInfo": "Default: min-route-advertisement 30"
}
{
    "PageTitle": "enable-peer-tracking",
    "FuncDef": "This command enables BGP peer tracking. BGP peer tracking allows a BGP peer to be dropped immediately if the route used to resolve the BGP peer address is removed from the IP routing table and there is no alternative available. The BGP peer will not wait for the holdtimer to expire; therefore, the BGP re-convergence process is accelerated.",
    "CLIs": [
        "enable-peer-tracking",
        "no enable-peer-tracking"
    ],
    "ParentView": [
        "config>router>bgp",
        "config>router>bgp>group",
        "config>router>bgp>group>neighbor"
    ],
    "ParaDef": null,
    "Examples": null,
    "ExtraInfo": "Default: no enable-peer-tracking"
}
{
    "PageTitle": "disable-4byte-asn",
    "FuncDef": "This command disables the use of 4-byte ASNs. It can be configured at all 3 level of the hierarchy so it can be specified down to the per peer basis.",
    "CLIs": [
        "disable-4byte-asn",
        "no disable-4byte-asn"
    ],
    "ParentView": [
        "config>router>bgp",
        "config>router>bgp>group",
        "config>router>bgp>group>neighbor"
    ],
    "ParaDef": null,
    "Examples": null,
    "ExtraInfo": "Default: no disable-4byte-asn"
}
{
    "PageTitle": "enforce-first-as",
    "FuncDef": "When this command is configured so that it applies to an EBGP session, all routes (belonging to all address families) that are received from the EBGP peer are checked to ensure that the most recent autonomous system number (ASN) in the AS_PATH attribute of each route matches the configuredpeer-asof the session; if it does not match, then either the session is reset (ifupdate-fault-toleranceis not enabled) or the session is left up but the route is treated as withdrawn (ifupdate-fault-toleranceis enabled).",
    "CLIs": [
        "enforce-first-as"
    ],
    "ParentView": [
        "config>router>bgp",
        "config>router>bgp>group",
        "config>router>bgp>group>neighbor"
    ],
    "ParaDef": null,
    "Examples": null,
    "ExtraInfo": ""
}
{
    "PageTitle": "disable-capability-negotiation",
    "FuncDef": "This command disables capability negotiation. When the command is enabled and after the peering is flapped, any new capabilities are not negotiated and will strictly support IPv4 routing exchanges with that peer.",
    "CLIs": [
        "disable-capability-negotiation",
        "no disable-capability-negotiation"
    ],
    "ParentView": [
        "config>router>bgp>group",
        "config>router>bgp>group>neighbor"
    ],
    "ParaDef": null,
    "Examples": null,
    "ExtraInfo": "Default: no disable-capability-negotiation"
}
{
    "PageTitle": "ttl-security",
    "FuncDef": "This command configures TTL security parameters for incoming packets. When the feature is enabled, BGP will accept incoming IP packets from a peer only if the TTL value in the packet is greater than or equal to the minimum TTL value configured for that peer.",
    "CLIs": [
        "ttl-security <min-ttl-value>",
        "no ttl-security"
    ],
    "ParentView": [
        "config>router>bgp>group",
        "config>router>bgp>group>neighbor"
    ],
    "ParaDef": [
        {
            "Parameters": "min-ttl-value",
            "Info": "Specifies the minimum TTL value for an incoming packet. Values-1 to 255. ParamDefault: Default- 1"
        }
    ],
    "Examples": null,
    "ExtraInfo": "Default: no ttl-security"
}
{
    "PageTitle": "peer-as",
    "FuncDef": "This command configures the autonomous system number for the remote peer. The peer AS number must be configured for each configured peer.",
    "CLIs": [
        "peer-as <as-number>"
    ],
    "ParentView": [
        "config>router>bgp>group",
        "config>router>bgp>group>neighbor"
    ],
    "ParaDef": [
        {
            "Parameters": "as-number",
            "Info": "Specifies the autonomous system number expressed as a decimal integer. Values-1 to 4294967295."
        }
    ],
    "Examples": null,
    "ExtraInfo": ""
}

---

Generate CLI configuration commands that fulfill the user's request using the information from the reference content. Please respond directly to the user's question. Do not mention phrases like "based on the information you provided", "according to the documentation", or anything similar.
/miniforge/envs/safe/lib/python3.10/site-packages/transformers/generation/configuration_utils.py:590: UserWarning: `do_sample` is set to `False`. However, `temperature` is set to `0.7` -- this flag is only used in sample-based generation modes. You should set `do_sample=True` or unset `temperature`.
  warnings.warn(
/miniforge/envs/safe/lib/python3.10/site-packages/transformers/generation/configuration_utils.py:595: UserWarning: `do_sample` is set to `False`. However, `top_p` is set to `0.8` -- this flag is only used in sample-based generation modes. You should set `do_sample=True` or unset `top_p`.
  warnings.warn(
/miniforge/envs/safe/lib/python3.10/site-packages/transformers/generation/configuration_utils.py:612: UserWarning: `do_sample` is set to `False`. However, `top_k` is set to `20` -- this flag is only used in sample-based generation modes. You should set `do_sample=True` or unset `top_k`.
  warnings.warn(
------------
As a network device expert, please determine whether the following answer correctly responds to the user's question based on the router configuration manual. Only output "Correct" or "Incorrect" without any explanation or additional information. You must make your own judgment based on the Router configuration manual provided to you, not on your own knowledge.
---
## User question:
How to configure Nokia routers to receive and utilize the link-bandwidth extended community for IPv6 routes advertised by EBGP peers?
---
## Proposed answer:
To configure Nokia routers to receive and utilize the link-bandwidth extended community for IPv6 routes advertised by EBGP peers, you need to ensure that the BGP session is properly configured to recognize and act upon the extended community attributes. However, the provided configuration manual does not contain specific commands for handling link-bandwidth extended communities. 

Given the commands listed, you can still enhance the BGP session stability and reliability, which might indirectly help in better handling of extended communities. Here are the relevant configuration commands:

```cli
config>router>bgp
    neighbor <EBGP_neighbor_IP>
        enforce-first-as
        enable-peer-tracking
```

Replace `<EBGP_neighbor_IP>` with the IP address of your EBGP peer. These commands will enforce the first AS in the AS_PATH and enable BGP peer tracking, which can help in maintaining stable sessions and faster convergence when routes change.

For handling link-bandwidth extended communities specifically, you may need to refer to the Nokia-specific BGP configuration guide or contact Nokia support for detailed instructions, as these commands are not listed in the provided manual.
---
## Router configuration manual:
CLIs:
accept-from-ebgp <family> [ <family> ]
no accept-from-ebgp
FuncDef:
This command configures BGP to accept and use the link-bandwidth extended community attached to any route received from any EBGP peer in the scope of the command, as long as that route belongs to one of the listed address families.
ParaDef:
{'Parameters': 'family', 'Info': 'Specifies the address families for which receiving the link-bandwidth extended community from EBGP peers should be supported. Values-ipv4 - Adds a link-bandwidth extended community to unlabeled unicast IPv4 routes..'}
---
Please answer Correct or Incorrect.
Your answer:
------------
Incorrect
------------
  0%|          | 1/364 [00:19<1:59:36, 19.77s/it]input_text
How to configure huawei router's BGP group to receive and utilize the link-bandwidth extended community for IPv6 routes advertised by EBGP peers?
/miniforge/envs/safe/lib/python3.10/site-packages/transformers/generation/configuration_utils.py:590: UserWarning: `do_sample` is set to `False`. However, `temperature` is set to `0.7` -- this flag is only used in sample-based generation modes. You should set `do_sample=True` or unset `temperature`.
  warnings.warn(
/miniforge/envs/safe/lib/python3.10/site-packages/transformers/generation/configuration_utils.py:595: UserWarning: `do_sample` is set to `False`. However, `top_p` is set to `0.8` -- this flag is only used in sample-based generation modes. You should set `do_sample=True` or unset `top_p`.
  warnings.warn(
/miniforge/envs/safe/lib/python3.10/site-packages/transformers/generation/configuration_utils.py:612: UserWarning: `do_sample` is set to `False`. However, `top_k` is set to `20` -- this flag is only used in sample-based generation modes. You should set `do_sample=True` or unset `top_k`.
  warnings.warn(
原cli:
bgp 100
匹配的cli
display bgp troubleshooting
查询的def
The display bgp troubleshooting command displays the cause of BGP peer relationship disconnection or flapping.
检索到的def
When this command is present, the graceful restart capability sent by this router indicates support for NOTIFICATION messages. If the peer also supports this capability then the session can be restarted gracefully (while preserving forwarding) if either peer needs to sends a NOTIFICATION message due to some type of event or error.
检索到的def
This command configures BGP to advertise (at session OPEN) the capability to receive label IPv4, VPN IPv4 routes, or IPv6 next hops from the peers. These peers should not send such routes unless they receive notification of this capability. If the SR OS router receives a label IPv4 or VPN IPv4 route from a peer to which it did not advertise the necessary capability, the UPDATE message will be considered malformed and this will cause either session reset ortreat-as-withdrawbehavior depending on the error handling settings.
检索到的def
This command configures how the BGP peer session handles loop detection in the AS path.
检索到的def
This command specifies whether updated BGP error handling procedures should be applied.
检索到的def
This command creates a context to configure a BGP peer group.
匹配的cli
display bgp resource
查询的def
The display bgp resource command displays statistics about BGP specification information.
检索到的def
This command enables the import of link-state information into the BGP-LS address family for advertisement to other BGP neighbors.
检索到的def
This command specifies the router ID to be used with this BGP instance.
检索到的def
This command enables or disables entropy label capability (ELC) on BGP tunnels.
检索到的def
This command configures the BGP hold time, expressed in seconds.
检索到的def
This command enables local route reporting to the BMP monitoring station.
匹配的cli
display bgp { peer | slow-peer }
display bgp labeled { peer | slow-peer }
查询的def
The display bgp peer command displays information about BGP peers.
The display bgp slow-peer command displays information about slow BGP peers.
检索到的def
This command disables the delay (Minimum Route Advertisement) on sending BGP withdrawals. Normal route withdrawals may be delayed up to the minimum route advertisement to allow for efficient packing of BGP updates.
检索到的def
This command enables BGP peer tracking. BGP peer tracking allows a BGP peer to be dropped immediately if the route used to resolve the BGP peer address is removed from the IP routing table and there is no alternative available. The BGP peer will not wait for the holdtimer to expire; therefore, the BGP re-convergence process is accelerated.
检索到的def
This command allows BGP routes marked as LLGR stale to be advertised to BGP peers that did not advertise the LLGR capability when the session was opened. Thenoversion of this command causes advertisement behavior to follow the rule that stale routes cannot be advertised to a peer that does not understand or implement the LLGR capability. Stale routes are withdrawn towards such peers.
检索到的def
This command configures BGP to advertise (at session OPEN) the capability to receive label IPv4, VPN IPv4 routes, or IPv6 next hops from the peers. These peers should not send such routes unless they receive notification of this capability. If the SR OS router receives a label IPv4 or VPN IPv4 route from a peer to which it did not advertise the necessary capability, the UPDATE message will be considered malformed and this will cause either session reset ortreat-as-withdrawbehavior depending on the error handling settings.
检索到的def
This command enables the advertising of inactive BGP routes to other BGP peers. By default, BGP only advertises BGP routes to other BGP peers if a given BGP route is chosen by the route table manager as the most preferred route within the system and is active in the forwarding plane. This command allows system administrators to advertise a BGP route even though it is not the most preferred route within the system for a given destination.
匹配的cli
display debugging bgp
查询的def
The display debugging bgp command displays information about enabled BGP debugging functions.
检索到的def
This command enables or disables entropy label capability (ELC) on BGP tunnels.
检索到的def
This command enables the context to configure BGP Monitoring Protocol (BMP) parameters.
检索到的def
This command creates the BGP protocol instance and BGP configuration context. BGP is administratively enabled upon creation.
检索到的def
This command specifies whether updated BGP error handling procedures should be applied.
检索到的def
This command selects BGP tunneling for next-hop resolution and specifies the IPv4 tunnels created by receiving BGP label-unicast IPv4 routes for /32.IPv4 prefixes
匹配的cli
display bgp all summary
查询的def
The display bgp all summary command displays information about peers in all BGP address family views, including the peer status and route statistics.
检索到的def
This command configures BGP to aggregate the bandwidth values from the link-bandwidth extended communities of the used multipaths towards an IP prefix when it is re-advertising a route with next-hop-self towards peers within the scope of the command, as long as the route belongs to one of the listed address families.
检索到的def
This command enables BGP multipath for all address families that support ECMP forwarding.
检索到的def
This command enables the import of link-state information into the BGP-LS address family for advertisement to other BGP neighbors.
检索到的def
This command allows BGP to advertise its best external route to a destination even when its best overall route is an internal route. Entering the command (or itsnoform) with no address family parameters is equivalent to specifying all supported address families.
检索到的def
This command allows the BGP next-hop of label-IPv4, label-IPv6, VPN-IPv4, and VPN-IPv6 routes received from any EBGP or IBGP peer to be resolved using static routes, except for static default routes (0/0 and ::/0).
原cli:
group test external
匹配的cli
group <group-name> { external | internal }
group <group-name>
undo group <group-name>
查询的def
The group command creates a peer group.
The undo group command deletes a peer group.
By default, no peer group is created.
检索到的def
This command creates a context to configure a BGP peer group.
检索到的def
This command disables the use of 4-byte ASNs. It can be configured at all 3 level of the hierarchy so it can be specified down to the per peer basis.
检索到的def
This command creates a BGP peer/neighbor instance within the context of the BGP group.
检索到的def
When theenable-origin-validationcommand is added to the configuration of a group or neighbor, it causes every inbound IPv4 and/or IPv6 route from that peer to be marked with one of the 3 following origin validation states:
检索到的def
This command specifies the route target(s) to be accepted from or advertised to peers. If theroute-target-listis a non-null list, only routes with one or more of the given route targets are accepted from or advertised to peers.
匹配的cli
group <group-name> { internal | external }
group <group-name>
undo group <group-name>
查询的def
The group command creates a peer group.
The undo group command deletes a peer group.
By default, no peer group is created.
检索到的def
This command creates a context to configure a BGP peer group.
检索到的def
This command disables the use of 4-byte ASNs. It can be configured at all 3 level of the hierarchy so it can be specified down to the per peer basis.
检索到的def
This command creates a BGP peer/neighbor instance within the context of the BGP group.
检索到的def
When theenable-origin-validationcommand is added to the configuration of a group or neighbor, it causes every inbound IPv4 and/or IPv6 route from that peer to be marked with one of the 3 following origin validation states:
检索到的def
This command specifies the route target(s) to be accepted from or advertised to peers. If theroute-target-listis a non-null list, only routes with one or more of the given route targets are accepted from or advertised to peers.
匹配的cli
group <group-name> { internal | external }
group <group-name>
undo group <group-name>
查询的def
The group command creates a peer group.
The undo group command deletes a peer group.
By default, no peer group is created.
检索到的def
This command creates a context to configure a BGP peer group.
检索到的def
This command disables the use of 4-byte ASNs. It can be configured at all 3 level of the hierarchy so it can be specified down to the per peer basis.
检索到的def
This command creates a BGP peer/neighbor instance within the context of the BGP group.
检索到的def
When theenable-origin-validationcommand is added to the configuration of a group or neighbor, it causes every inbound IPv4 and/or IPv6 route from that peer to be marked with one of the 3 following origin validation states:
检索到的def
This command specifies the route target(s) to be accepted from or advertised to peers. If theroute-target-listis a non-null list, only routes with one or more of the given route targets are accepted from or advertised to peers.
匹配的cli
group <group-name> [ internal | external ]
undo group <group-name> [ internal | external ]
查询的def
The group command creates a peer group.
The undo group command deletes a peer group.
By default, no peer group is created.
检索到的def
This command creates a context to configure a BGP peer group.
检索到的def
This command disables the use of 4-byte ASNs. It can be configured at all 3 level of the hierarchy so it can be specified down to the per peer basis.
检索到的def
This command creates a BGP peer/neighbor instance within the context of the BGP group.
检索到的def
When theenable-origin-validationcommand is added to the configuration of a group or neighbor, it causes every inbound IPv4 and/or IPv6 route from that peer to be marked with one of the 3 following origin validation states:
检索到的def
This command specifies the route target(s) to be accepted from or advertised to peers. If theroute-target-listis a non-null list, only routes with one or more of the given route targets are accepted from or advertised to peers.
匹配的cli
group <group-name> [ internal | external ]
undo group <group-name>
查询的def
The group command creates a peer group.
The undo group command deletes a peer group.
By default, no peer group is created.
检索到的def
This command creates a context to configure a BGP peer group.
检索到的def
This command disables the use of 4-byte ASNs. It can be configured at all 3 level of the hierarchy so it can be specified down to the per peer basis.
检索到的def
This command creates a BGP peer/neighbor instance within the context of the BGP group.
检索到的def
When theenable-origin-validationcommand is added to the configuration of a group or neighbor, it causes every inbound IPv4 and/or IPv6 route from that peer to be marked with one of the 3 following origin validation states:
检索到的def
This command specifies the route target(s) to be accepted from or advertised to peers. If theroute-target-listis a non-null list, only routes with one or more of the given route targets are accepted from or advertised to peers.
原cli:
peer test capability-advertise route-update-packet-format
匹配的cli
display bgp rpd routing-table peer <ipv4-address> { advertised-routes | received-routes }
查询的def
The display bgp rpd routing-table peer command displays information about BGP peers in the BGP RPD address family.
检索到的def
This command enables the import of link-state information into the BGP-LS address family for advertisement to other BGP neighbors.
检索到的def
This command configures BGP to advertise (at session OPEN) the capability to receive label IPv4, VPN IPv4 routes, or IPv6 next hops from the peers. These peers should not send such routes unless they receive notification of this capability. If the SR OS router receives a label IPv4 or VPN IPv4 route from a peer to which it did not advertise the necessary capability, the UPDATE message will be considered malformed and this will cause either session reset ortreat-as-withdrawbehavior depending on the error handling settings.
检索到的def
This command enables unchanged BGP next-hops when sending BGP routes to peers in this group.
检索到的def
This command opens the configuration tree for sending or accepting BGP filter lists from peers (outbound route filtering).
检索到的def
This command creates a context to configure a BGP peer group.
匹配的cli
peer <group-name> capability-advertise { route-refresh | 4-byte-as }
undo peer <group-name> capability-advertise { route-refresh | 4-byte-as }
查询的def
The peer capability-advertise command enables optional BGP functions when a BGP peer advertises routes to its peer. The optional BGP functions include route-refresh, general router function, 4-byte AS number, and Add-Path.
The undo peer capability-advertise command restores the default setting.
By default, the route-refresh and 4-byte AS number functions are enabled, but the general router function and Add-Path are disabled.
检索到的def
This command enables the advertising of inactive BGP routes to other BGP peers. By default, BGP only advertises BGP routes to other BGP peers if a given BGP route is chosen by the route table manager as the most preferred route within the system and is active in the forwarding plane. This command allows system administrators to advertise a BGP route even though it is not the most preferred route within the system for a given destination.
检索到的def
This command configures BGP to advertise (at session OPEN) the capability to receive label IPv4, VPN IPv4 routes, or IPv6 next hops from the peers. These peers should not send such routes unless they receive notification of this capability. If the SR OS router receives a label IPv4 or VPN IPv4 route from a peer to which it did not advertise the necessary capability, the UPDATE message will be considered malformed and this will cause either session reset ortreat-as-withdrawbehavior depending on the error handling settings.
检索到的def
This command allows BGP routes marked as LLGR stale to be advertised to BGP peers that did not advertise the LLGR capability when the session was opened. Thenoversion of this command causes advertisement behavior to follow the rule that stale routes cannot be advertised to a peer that does not understand or implement the LLGR capability. Stale routes are withdrawn towards such peers.
检索到的def
This command allows adds the add-paths node to be the configured for one or more families configuration of the BGP instance, a group or a neighbor. The BGP add-paths capability allows the router to send and/or receive multiple paths per prefix to/from a peer. The add-paths command without additional parameters is equivalent to removing Add-Paths support for all address families, which causes sessions that previously negotiated the add-paths capability for one or more address families to go down and come back up without the add-paths capability.
检索到的def
This command disables the delay (Minimum Route Advertisement) on sending BGP withdrawals. Normal route withdrawals may be delayed up to the minimum route advertisement to allow for efficient packing of BGP updates.
匹配的cli
display bgp vpn-target routing-table peer <ipv4-address> advertised-routes
查询的def
The display bgp vpn-target routing-table peer advertised-routes command displays information about routes in the BGP-VPN-Target address family.
检索到的def
This command configures BGP to advertise (at session OPEN) the capability to receive label IPv4, VPN IPv4 routes, or IPv6 next hops from the peers. These peers should not send such routes unless they receive notification of this capability. If the SR OS router receives a label IPv4 or VPN IPv4 route from a peer to which it did not advertise the necessary capability, the UPDATE message will be considered malformed and this will cause either session reset ortreat-as-withdrawbehavior depending on the error handling settings.
检索到的def
This command configures BGP to advertise routes to members of a group or to a specific neighbor using a local address of the BGP instance as the BGP next-hop address. Note thatnext-hop-selfis set without exception, regardless of the route source (EBGP or IBGP) or its family. When used with VPN-IPv4 and VPN-IPv6 routes theenable-rr-vpn-forwardingcommand should also be configured.
检索到的def
This command enables the advertising of inactive BGP routes to other BGP peers. By default, BGP only advertises BGP routes to other BGP peers if a given BGP route is chosen by the route table manager as the most preferred route within the system and is active in the forwarding plane. This command allows system administrators to advertise a BGP route even though it is not the most preferred route within the system for a given destination.
检索到的def
This command specifies the route target(s) to be accepted from or advertised to peers. If theroute-target-listis a non-null list, only routes with one or more of the given route targets are accepted from or advertised to peers.
检索到的def
This command allows BGP routes marked as LLGR stale to be advertised to BGP peers that did not advertise the LLGR capability when the session was opened. Thenoversion of this command causes advertisement behavior to follow the rule that stale routes cannot be advertised to a peer that does not understand or implement the LLGR capability. Stale routes are withdrawn towards such peers.
匹配的cli
peer <ipv6-address> capability-advertise { route-refresh | 4-byte-as }
undo peer <ipv6-address> capability-advertise { route-refresh | 4-byte-as }
查询的def
The peer capability-advertise command enables optional BGP functions when a BGP peer advertises routes to its peer. The optional BGP functions include route-refresh, general router function, 4-byte AS number, and Add-Path.
The undo peer capability-advertise command restores the default setting.
By default, the route-refresh and 4-byte AS number functions are enabled, but the general router function and Add-Path are disabled.
检索到的def
This command enables the advertising of inactive BGP routes to other BGP peers. By default, BGP only advertises BGP routes to other BGP peers if a given BGP route is chosen by the route table manager as the most preferred route within the system and is active in the forwarding plane. This command allows system administrators to advertise a BGP route even though it is not the most preferred route within the system for a given destination.
检索到的def
This command configures BGP to advertise (at session OPEN) the capability to receive label IPv4, VPN IPv4 routes, or IPv6 next hops from the peers. These peers should not send such routes unless they receive notification of this capability. If the SR OS router receives a label IPv4 or VPN IPv4 route from a peer to which it did not advertise the necessary capability, the UPDATE message will be considered malformed and this will cause either session reset ortreat-as-withdrawbehavior depending on the error handling settings.
检索到的def
This command allows BGP routes marked as LLGR stale to be advertised to BGP peers that did not advertise the LLGR capability when the session was opened. Thenoversion of this command causes advertisement behavior to follow the rule that stale routes cannot be advertised to a peer that does not understand or implement the LLGR capability. Stale routes are withdrawn towards such peers.
检索到的def
This command allows adds the add-paths node to be the configured for one or more families configuration of the BGP instance, a group or a neighbor. The BGP add-paths capability allows the router to send and/or receive multiple paths per prefix to/from a peer. The add-paths command without additional parameters is equivalent to removing Add-Paths support for all address families, which causes sessions that previously negotiated the add-paths capability for one or more address families to go down and come back up without the add-paths capability.
检索到的def
This command disables the delay (Minimum Route Advertisement) on sending BGP withdrawals. Normal route withdrawals may be delayed up to the minimum route advertisement to allow for efficient packing of BGP updates.
匹配的cli
peer <ipv6-address> capability-advertise { route-refresh | 4-byte-as }
undo peer <ipv6-address> capability-advertise { route-refresh | 4-byte-as }
查询的def
The peer capability-advertise command enables optional BGP functions when a BGP peer advertises routes to its peer. The optional BGP functions include route-refresh, general router function, 4-byte AS number, and Add-Path.
The undo peer capability-advertise command restores the default setting.
By default, the route-refresh and 4-byte AS number functions are enabled, but the general router function and Add-Path are disabled.
检索到的def
This command enables the advertising of inactive BGP routes to other BGP peers. By default, BGP only advertises BGP routes to other BGP peers if a given BGP route is chosen by the route table manager as the most preferred route within the system and is active in the forwarding plane. This command allows system administrators to advertise a BGP route even though it is not the most preferred route within the system for a given destination.
检索到的def
This command configures BGP to advertise (at session OPEN) the capability to receive label IPv4, VPN IPv4 routes, or IPv6 next hops from the peers. These peers should not send such routes unless they receive notification of this capability. If the SR OS router receives a label IPv4 or VPN IPv4 route from a peer to which it did not advertise the necessary capability, the UPDATE message will be considered malformed and this will cause either session reset ortreat-as-withdrawbehavior depending on the error handling settings.
检索到的def
This command allows BGP routes marked as LLGR stale to be advertised to BGP peers that did not advertise the LLGR capability when the session was opened. Thenoversion of this command causes advertisement behavior to follow the rule that stale routes cannot be advertised to a peer that does not understand or implement the LLGR capability. Stale routes are withdrawn towards such peers.
检索到的def
This command allows adds the add-paths node to be the configured for one or more families configuration of the BGP instance, a group or a neighbor. The BGP add-paths capability allows the router to send and/or receive multiple paths per prefix to/from a peer. The add-paths command without additional parameters is equivalent to removing Add-Paths support for all address families, which causes sessions that previously negotiated the add-paths capability for one or more address families to go down and come back up without the add-paths capability.
检索到的def
This command disables the delay (Minimum Route Advertisement) on sending BGP withdrawals. Normal route withdrawals may be delayed up to the minimum route advertisement to allow for efficient packing of BGP updates.
原cli:
peer test advertise ebgp link-bandwidth
匹配的cli
peer <peerIpv4Addr> advertise ebgp link-bandwidth
peer <peerIpv4Addr> advertise ebgp link-bandwidth disable
undo peer <peerIpv4Addr> advertise ebgp link-bandwidth
undo peer <peerIpv4Addr> advertise ebgp link-bandwidth disable
查询的def
The peer advertise ebgp link-bandwidth command enables a device to advertise the Link Bandwidth extended community attribute to a specified EBGP peer.
The undo peer advertise ebgp link-bandwidth command cancels the existing configuration.
By default, a device cannot advertise the Link Bandwidth extended community attribute to any EBGP peer.
检索到的def
This command configures BGP to allow link-bandwidth extended community to be sent in routes advertised to EBGP peers in the scope of the command, as long the routes belong to one of the listed address families.
检索到的def
This command configures BGP to accept and use the link-bandwidth extended community attached to any route received from any EBGP peer in the scope of the command, as long as that route belongs to one of the listed address families.
检索到的def
This command configures BGP to automatically add a link-bandwidth extended community to every route received from a directly connected (single-hop) EBGP peer within the scope of the command, as long as that route belongs to one of the listed address families.
检索到的def
This command configures BGP to aggregate the bandwidth values from the link-bandwidth extended communities of the used multipaths towards an IP prefix when it is re-advertising a route with next-hop-self towards peers within the scope of the command, as long as the route belongs to one of the listed address families.
检索到的def
This command enables the configuration context for handling the link-bandwidth extended community attached to specific BGP routes.
匹配的cli
peer <peerIpv4Addr> advertise ebgp link-bandwidth
peer <peerIpv4Addr> advertise ebgp link-bandwidth disable
undo peer <peerIpv4Addr> advertise ebgp link-bandwidth
undo peer <peerIpv4Addr> advertise ebgp link-bandwidth disable
查询的def
The peer advertise ebgp link-bandwidth command enables a device to advertise the Link Bandwidth extended community attribute to a specified EBGP peer.
The undo peer advertise ebgp link-bandwidth command cancels the existing configuration.
By default, a device cannot advertise the Link Bandwidth extended community attribute to any EBGP peer.
检索到的def
This command configures BGP to allow link-bandwidth extended community to be sent in routes advertised to EBGP peers in the scope of the command, as long the routes belong to one of the listed address families.
检索到的def
This command configures BGP to accept and use the link-bandwidth extended community attached to any route received from any EBGP peer in the scope of the command, as long as that route belongs to one of the listed address families.
检索到的def
This command configures BGP to automatically add a link-bandwidth extended community to every route received from a directly connected (single-hop) EBGP peer within the scope of the command, as long as that route belongs to one of the listed address families.
检索到的def
This command configures BGP to aggregate the bandwidth values from the link-bandwidth extended communities of the used multipaths towards an IP prefix when it is re-advertising a route with next-hop-self towards peers within the scope of the command, as long as the route belongs to one of the listed address families.
检索到的def
This command enables the configuration context for handling the link-bandwidth extended community attached to specific BGP routes.
匹配的cli
peer <peerIpv6Addr> advertise ebgp link-bandwidth
peer <peerIpv6Addr> advertise ebgp link-bandwidth disable
undo peer <peerIpv6Addr> advertise ebgp link-bandwidth
undo peer <peerIpv6Addr> advertise ebgp link-bandwidth disable
查询的def
The peer advertise ebgp link-bandwidth command enables a device to advertise the Link Bandwidth extended community attribute to a specified EBGP peer.
The undo peer advertise ebgp link-bandwidth command cancels the existing configuration.
By default, a device cannot advertise the Link Bandwidth extended community attribute to any EBGP peer.
检索到的def
This command configures BGP to allow link-bandwidth extended community to be sent in routes advertised to EBGP peers in the scope of the command, as long the routes belong to one of the listed address families.
检索到的def
This command configures BGP to accept and use the link-bandwidth extended community attached to any route received from any EBGP peer in the scope of the command, as long as that route belongs to one of the listed address families.
检索到的def
This command configures BGP to automatically add a link-bandwidth extended community to every route received from a directly connected (single-hop) EBGP peer within the scope of the command, as long as that route belongs to one of the listed address families.
检索到的def
This command configures BGP to aggregate the bandwidth values from the link-bandwidth extended communities of the used multipaths towards an IP prefix when it is re-advertising a route with next-hop-self towards peers within the scope of the command, as long as the route belongs to one of the listed address families.
检索到的def
This command enables the configuration context for handling the link-bandwidth extended community attached to specific BGP routes.
匹配的cli
peer <peerIpv6Addr> advertise ebgp link-bandwidth
peer <peerIpv6Addr> advertise ebgp link-bandwidth disable
undo peer <peerIpv6Addr> advertise ebgp link-bandwidth
undo peer <peerIpv6Addr> advertise ebgp link-bandwidth disable
查询的def
The peer advertise ebgp link-bandwidth command enables a device to advertise the Link Bandwidth extended community attribute to a specified EBGP peer.
The undo peer advertise ebgp link-bandwidth command cancels the existing configuration.
By default, a device cannot advertise the Link Bandwidth extended community attribute to any EBGP peer.
检索到的def
This command configures BGP to allow link-bandwidth extended community to be sent in routes advertised to EBGP peers in the scope of the command, as long the routes belong to one of the listed address families.
检索到的def
This command configures BGP to accept and use the link-bandwidth extended community attached to any route received from any EBGP peer in the scope of the command, as long as that route belongs to one of the listed address families.
检索到的def
This command configures BGP to automatically add a link-bandwidth extended community to every route received from a directly connected (single-hop) EBGP peer within the scope of the command, as long as that route belongs to one of the listed address families.
检索到的def
This command configures BGP to aggregate the bandwidth values from the link-bandwidth extended communities of the used multipaths towards an IP prefix when it is re-advertising a route with next-hop-self towards peers within the scope of the command, as long as the route belongs to one of the listed address families.
检索到的def
This command enables the configuration context for handling the link-bandwidth extended community attached to specific BGP routes.
匹配的cli
peer <peerGroupName> advertise ebgp link-bandwidth
peer <peerGroupName> advertise link-bandwidth transitive
undo peer <peerGroupName> advertise ebgp link-bandwidth
undo peer <peerGroupName> advertise link-bandwidth transitive
查询的def
The peer advertise ebgp link-bandwidth command enables a device to advertise the Link Bandwidth extended community attribute to a specified EBGP peer group.
The undo peer advertise ebgp link-bandwidth command cancels the existing configuration.
The peer advertise link-bandwidth transitive command enables a device to convert the Link Bandwidth extended community attribute (optional non-transitive) carried in BGP routes into an optional transitive attribute before advertising the BGP routes to a specified peer group.
The undo peer advertise link-bandwidth transitive command cancels the existing configuration.
By default, a device cannot convert the Link Bandwidth extended community attribute (optional non-transitive) carried in a BGP route into an optional transitive attribute before advertising the route to a BGP peer.
检索到的def
This command configures BGP to allow link-bandwidth extended community to be sent in routes advertised to EBGP peers in the scope of the command, as long the routes belong to one of the listed address families.
检索到的def
This command configures BGP to accept and use the link-bandwidth extended community attached to any route received from any EBGP peer in the scope of the command, as long as that route belongs to one of the listed address families.
检索到的def
This command configures BGP to automatically add a link-bandwidth extended community to every route received from a directly connected (single-hop) EBGP peer within the scope of the command, as long as that route belongs to one of the listed address families.
检索到的def
This command configures BGP to aggregate the bandwidth values from the link-bandwidth extended communities of the used multipaths towards an IP prefix when it is re-advertising a route with next-hop-self towards peers within the scope of the command, as long as the route belongs to one of the listed address families.
检索到的def
This command enables the configuration context for handling the link-bandwidth extended community attached to specific BGP routes.
input_text
You are an expert assistant in configuring network devices. Based on the user's request and the retrieved content from the router configuration manual below, generate appropriate CLI configuration commands.

---

User Request:  
How to configure Nokia router's BGP group to receive and utilize the link-bandwidth extended community for IPv6 routes advertised by EBGP peers?

Retrieved Reference Content (from the configuration manual):  
{
    "PageTitle": "add-paths",
    "FuncDef": "This command allows adds the add-paths node to be the configured for one or more families configuration of the BGP instance, a group or a neighbor. The BGP add-paths capability allows the router to send and/or receive multiple paths per prefix to/from a peer. The add-paths command without additional parameters is equivalent to removing Add-Paths support for all address families, which causes sessions that previously negotiated the add-paths capability for one or more address families to go down and come back up without the add-paths capability.",
    "CLIs": [
        "add-paths",
        "no add-paths"
    ],
    "ParentView": [
        "config>router>bgp",
        "config>router>bgp>group",
        "config>router>bgp>group>neighbor"
    ],
    "ParaDef": null,
    "Examples": null,
    "ExtraInfo": "Default: no add-paths"
}
{
    "PageTitle": "outbound-route-filtering",
    "FuncDef": "This command opens the configuration tree for sending or accepting BGP filter lists from peers (outbound route filtering).",
    "CLIs": [
        "outbound-route-filtering",
        "no outbound-route-filtering"
    ],
    "ParentView": [
        "config>router>bgp",
        "config>router>bgp>group",
        "config>router>bgp>group>neighbor"
    ],
    "ParaDef": null,
    "Examples": null,
    "ExtraInfo": "Default: no outbound-route-filtering"
}
{
    "PageTitle": "link-state-import-enable",
    "FuncDef": "This command enables the import of link-state information into the BGP-LS address family for advertisement to other BGP neighbors.",
    "CLIs": [
        "link-state-import-enable",
        "no link-state-import-enable"
    ],
    "ParentView": [
        "config>router>bgp"
    ],
    "ParaDef": null,
    "Examples": null,
    "ExtraInfo": "Default: no link-state-import-enable"
}
{
    "PageTitle": "loop-detect",
    "FuncDef": "This command configures how the BGP peer session handles loop detection in the AS path.",
    "CLIs": [
        "loop-detect { drop-peer | discard-route | ignore-loop | off }",
        "no loop-detect"
    ],
    "ParentView": [
        "config>router>bgp",
        "config>router>bgp>group",
        "config>router>bgp>group>neighbor"
    ],
    "ParaDef": [
        {
            "Parameters": "drop-peer",
            "Info": "Sends a notification to the remote peer and drops the session."
        },
        {
            "Parameters": "discard-route",
            "Info": "Discards routes received from a peer with the same AS number as the router itself. This option prevents routes looped back to the router from being added to the routing information base and consuming memory. When this option is changed, the change will not be active for an established peer until the connection is re-established for the peer."
        },
        {
            "Parameters": "ignore-loop",
            "Info": "Ignores routes with loops in the AS path but maintains peering."
        },
        {
            "Parameters": "off",
            "Info": "Disables loop detection."
        }
    ],
    "Examples": null,
    "ExtraInfo": "Default: loop-detect ignore-loop"
}
{
    "PageTitle": "bmp",
    "FuncDef": "This command enables the context to configure BGP Monitoring Protocol (BMP) parameters.",
    "CLIs": [
        "bmp"
    ],
    "ParentView": [
        "config"
    ],
    "ParaDef": null,
    "Examples": null,
    "ExtraInfo": ""
}
{
    "PageTitle": "override-tunnel-elc",
    "FuncDef": "This command enables or disables entropy label capability (ELC) on BGP tunnels.",
    "CLIs": [
        "override-tunnel-elc",
        "no override-tunnel-elc"
    ],
    "ParentView": [
        "config>router>bgp"
    ],
    "ParaDef": null,
    "Examples": null,
    "ExtraInfo": "Default: no override-tunnel-elc"
}
{
    "PageTitle": "report-local-routes",
    "FuncDef": "This command enables local route reporting to the BMP monitoring station.",
    "CLIs": [
        "report-local-routes",
        "no report-local-routes"
    ],
    "ParentView": [
        "config>bmp>station"
    ],
    "ParaDef": null,
    "Examples": null,
    "ExtraInfo": ""
}
{
    "PageTitle": "rapid-withdrawal",
    "FuncDef": "This command disables the delay (Minimum Route Advertisement) on sending BGP withdrawals. Normal route withdrawals may be delayed up to the minimum route advertisement to allow for efficient packing of BGP updates.",
    "CLIs": [
        "rapid-withdrawal",
        "no rapid-withdrawal"
    ],
    "ParentView": [
        "config>router>bgp"
    ],
    "ParaDef": null,
    "Examples": null,
    "ExtraInfo": "Default: no rapid-withdrawal"
}
{
    "PageTitle": "allow-static",
    "FuncDef": "This command allows the BGP next-hop of label-IPv4, label-IPv6, VPN-IPv4, and VPN-IPv6 routes received from any EBGP or IBGP peer to be resolved using static routes, except for static default routes (0/0 and ::/0).",
    "CLIs": [
        "allow-static",
        "no allow-static"
    ],
    "ParentView": [
        "config>router>bgp>next-hop-res>labeled-routes"
    ],
    "ParaDef": null,
    "Examples": null,
    "ExtraInfo": "Default: no allow-static"
}
{
    "PageTitle": "accept-from-ebgp",
    "FuncDef": "This command configures BGP to accept and use the link-bandwidth extended community attached to any route received from any EBGP peer in the scope of the command, as long as that route belongs to one of the listed address families.",
    "CLIs": [
        "accept-from-ebgp <family> [ <family> ]",
        "no accept-from-ebgp"
    ],
    "ParentView": [
        "config>router>bgp>group>link-bandwidth",
        "config>router>bgp>group>neighbor>link-bandwidth"
    ],
    "ParaDef": [
        {
            "Parameters": "family",
            "Info": "Specifies the address families for which receiving the link-bandwidth extended community from EBGP peers should be supported. Values-ipv4 - Adds a link-bandwidth extended community to unlabeled unicast IPv4 routes.."
        }
    ],
    "Examples": null,
    "ExtraInfo": "Default: no accept-from-ebgp"
}
{
    "PageTitle": "enable-notification",
    "FuncDef": "When this command is present, the graceful restart capability sent by this router indicates support for NOTIFICATION messages. If the peer also supports this capability then the session can be restarted gracefully (while preserving forwarding) if either peer needs to sends a NOTIFICATION message due to some type of event or error.",
    "CLIs": [
        "enable-notification",
        "no enable-notification"
    ],
    "ParentView": [
        "config>router>bgp>graceful-restart",
        "config>router>bgp>group>graceful-restart",
        "config>router>bgp>group>neighbor>graceful-restart"
    ],
    "ParaDef": null,
    "Examples": null,
    "ExtraInfo": "Default: no enable-notification"
}
{
    "PageTitle": "aggregate-used-paths",
    "FuncDef": "This command configures BGP to aggregate the bandwidth values from the link-bandwidth extended communities of the used multipaths towards an IP prefix when it is re-advertising a route with next-hop-self towards peers within the scope of the command, as long as the route belongs to one of the listed address families.",
    "CLIs": [
        "aggregate-used-paths <family> [ <family> ]",
        "no aggregate-used-paths"
    ],
    "ParentView": [
        "config>router>bgp>group>link-bandwidth",
        "config>router>bgp>group>neighbor>link-bandwidth"
    ],
    "ParaDef": [
        {
            "Parameters": "family",
            "Info": "Specifies the address families for which receiving the link-bandwidth extended community from EBGP peers should be supported. Values-ipv4 - Adds a link-bandwidth extended community to unlabeled unicast IPv4 routes.."
        }
    ],
    "Examples": null,
    "ExtraInfo": "Default: no aggregate-used-paths"
}
{
    "PageTitle": "bgp",
    "FuncDef": "This command creates the BGP protocol instance and BGP configuration context. BGP is administratively enabled upon creation.",
    "CLIs": [
        "bgp",
        "no bgp"
    ],
    "ParentView": [
        "config>router"
    ],
    "ParaDef": null,
    "Examples": null,
    "ExtraInfo": ""
}
{
    "PageTitle": "neighbor",
    "FuncDef": "This command creates a BGP peer/neighbor instance within the context of the BGP group.",
    "CLIs": [
        "neighbor <ip-address>",
        "no neighbor <ip-address>"
    ],
    "ParentView": [
        "config>router>bgp>group"
    ],
    "ParaDef": [
        {
            "Parameters": "ip-address",
            "Info": "Specifies the IP address of the BGP peer router in dotted decimal notation. Values-ipv4-address:."
        }
    ],
    "Examples": null,
    "ExtraInfo": "Default: no neighbor"
}
{
    "PageTitle": "multipath",
    "FuncDef": "This command enables BGP multipath for all address families that support ECMP forwarding.",
    "CLIs": [
        "multipath <max-paths> [ ebgp <ebgp-max-paths> ] [ ibgp <ibgp-max-paths> ] [ restrict { same-neighbor-as | exact-as-path } ]",
        "no multipath"
    ],
    "ParentView": [
        "config>router>bgp"
    ],
    "ParaDef": [
        {
            "Parameters": "max-paths",
            "Info": "Specifies the maximum number of multipaths per prefix/NLRI if ebgp-max-paths or ibgp-max-paths does not apply. Values-1 to 64."
        },
        {
            "Parameters": "egp-max-paths",
            "Info": "Specifies the maximum number of multipaths per prefix/NLRI when the best path is an EBGP learned route. Values-1 to 64."
        },
        {
            "Parameters": "ibgp-max-paths",
            "Info": "Specifies the maximum number of multipaths per prefix/NLRI when the best path is an IBGP learned route. Values-1 to 64."
        },
        {
            "Parameters": "restrict same-neighbor-as",
            "Info": "Specifies that the non-best path must have the same neighbor AS in its AS path as the best path."
        },
        {
            "Parameters": "restrict exact-as-path-as",
            "Info": "Specifies that the non-best path must have the same AS path as the best path."
        }
    ],
    "Examples": null,
    "ExtraInfo": "Default: no multipath"
}
{
    "PageTitle": "advertise-stale-to-all-neighbors",
    "FuncDef": "This command allows BGP routes marked as LLGR stale to be advertised to BGP peers that did not advertise the LLGR capability when the session was opened. Thenoversion of this command causes advertisement behavior to follow the rule that stale routes cannot be advertised to a peer that does not understand or implement the LLGR capability. Stale routes are withdrawn towards such peers.",
    "CLIs": [
        "advertise-stale-to-all-neighbors [ without-no-export | no without-no-export ]",
        "no advertise-stale-to-all-neighbors"
    ],
    "ParentView": [
        "config>router>bgp>graceful-restart>long-lived",
        "config>router>bgp>group>graceful-restart>long-lived",
        "config>router>bgp>group>neighbor>graceful-restart>long-lived"
    ],
    "ParaDef": [
        {
            "Parameters": "without-no-export",
            "Info": "Allows LLGR stale routes to be advertised to all peers, such that they can exit the local AS."
        }
    ],
    "Examples": null,
    "ExtraInfo": "Default: no advertise-stale-to-all-neighbors"
}
{
    "PageTitle": "error-handling",
    "FuncDef": "This command specifies whether updated BGP error handling procedures should be applied.",
    "CLIs": [
        "error-handling"
    ],
    "ParentView": [
        "config>router>bgp",
        "config>router>bgp>group",
        "config>router>bgp>group>neighbor"
    ],
    "ParaDef": null,
    "Examples": null,
    "ExtraInfo": ""
}
{
    "PageTitle": "hold-time",
    "FuncDef": "This command configures the BGP hold time, expressed in seconds.",
    "CLIs": [
        "hold-time <seconds> [ min <seconds> ]",
        "no hold-time"
    ],
    "ParentView": [
        "config>router>bgp",
        "config>router>bgp>group",
        "config>router>bgp>group>neighbor"
    ],
    "ParaDef": [
        {
            "Parameters": "seconds",
            "Info": "Specifies the hold-time, in seconds, expressed as a decimal integer. A value of 0 indicates the connection to the peer is up permanently. Values-0, 3 to 65535."
        },
        {
            "Parameters": "min seconds2",
            "Info": "Specifies the minimum hold-time that will be accepted for the session. If the peer proposes a hold-time lower than this value, the session attempt will be rejected."
        }
    ],
    "Examples": null,
    "ExtraInfo": "Default: hold-time 90"
}
{
    "PageTitle": "next-hop-unchanged",
    "FuncDef": "This command enables unchanged BGP next-hops when sending BGP routes to peers in this group.",
    "CLIs": [
        "next-hop-unchanged [ label-ipv4 ] [ label-ipv6 ]",
        "no next-hop-unchanged"
    ],
    "ParentView": [
        "config>router>bgp>group",
        "config>router>bgp>group>neighbor"
    ],
    "ParaDef": null,
    "Examples": null,
    "ExtraInfo": "Default: no next-hop-unchanged"
}
{
    "PageTitle": "route-target-list",
    "FuncDef": "This command specifies the route target(s) to be accepted from or advertised to peers. If theroute-target-listis a non-null list, only routes with one or more of the given route targets are accepted from or advertised to peers.",
    "CLIs": [
        "route-target-list <comm-id> [ <comm-id> ]",
        "no route-target-list [ <comm-id> ]"
    ],
    "ParentView": [
        "config>router>bgp"
    ],
    "ParaDef": [
        {
            "Parameters": "comm-id",
            "Info": "Specifies up to 15 route target communities. Values-[target: {ip-address:comm-val | 2byte-asnumber:ext-comm-val | 4byte-asnumber:comm-val}."
        }
    ],
    "Examples": null,
    "ExtraInfo": "Default: no route-target-list"
}
{
    "PageTitle": "enable-peer-tracking",
    "FuncDef": "This command enables BGP peer tracking. BGP peer tracking allows a BGP peer to be dropped immediately if the route used to resolve the BGP peer address is removed from the IP routing table and there is no alternative available. The BGP peer will not wait for the holdtimer to expire; therefore, the BGP re-convergence process is accelerated.",
    "CLIs": [
        "enable-peer-tracking",
        "no enable-peer-tracking"
    ],
    "ParentView": [
        "config>router>bgp",
        "config>router>bgp>group",
        "config>router>bgp>group>neighbor"
    ],
    "ParaDef": null,
    "Examples": null,
    "ExtraInfo": "Default: no enable-peer-tracking"
}
{
    "PageTitle": "extended-nh-encoding",
    "FuncDef": "This command configures BGP to advertise (at session OPEN) the capability to receive label IPv4, VPN IPv4 routes, or IPv6 next hops from the peers. These peers should not send such routes unless they receive notification of this capability. If the SR OS router receives a label IPv4 or VPN IPv4 route from a peer to which it did not advertise the necessary capability, the UPDATE message will be considered malformed and this will cause either session reset ortreat-as-withdrawbehavior depending on the error handling settings.",
    "CLIs": [
        "extended-nh-encoding [ label-ipv4 ] [ vpn-ipv4 ]",
        "no extended-nh-encoding"
    ],
    "ParentView": [
        "config>router>bgp",
        "config>router>bgp>group",
        "config>router>bgp>group>neighbor"
    ],
    "ParaDef": [
        {
            "Parameters": "label-ipv4",
            "Info": "Instructs BGP to advertise an extended NH encoding capability for NLRI AFI=1, NLRI SAFI=4, and next-hop AFI=2."
        },
        {
            "Parameters": "vpn-ipv4",
            "Info": "Instructs BGP to advertise an extended NH encoding capability for NLRI AFI=1, NLRI SAFI=128, and next-hop AFI=2."
        }
    ],
    "Examples": null,
    "ExtraInfo": "Default: no extended-nh-encoding"
}
{
    "PageTitle": "advertise-external",
    "FuncDef": "This command allows BGP to advertise its best external route to a destination even when its best overall route is an internal route. Entering the command (or itsnoform) with no address family parameters is equivalent to specifying all supported address families.",
    "CLIs": [
        "advertise-external [ ipv4 ] [ ipv6 ] [ label-ipv4 ] [ label-ipv6 ]",
        "no advertise-external [ ipv4 ] [ ipv6 ] [ label-ipv4 ] [ label-ipv6 ]"
    ],
    "ParentView": [
        "config>router>bgp"
    ],
    "ParaDef": [
        {
            "Parameters": "ipv4",
            "Info": "Enables or disables the best-external advertisement for unlabeled unicast IPv4 routes."
        },
        {
            "Parameters": "ipv6",
            "Info": "Enables or disables the best-external advertisement for unlabeled unicast IPv6 routes."
        },
        {
            "Parameters": "label-ipv4",
            "Info": "Enables or disables the best-external advertisement for labeled-unicast IPv4 routes."
        },
        {
            "Parameters": "label-ipv6",
            "Info": "Enables or disables the best-external advertisement for labeled-unicast IPv6 routes."
        }
    ],
    "Examples": null,
    "ExtraInfo": "Default: no advertise-external"
}
{
    "PageTitle": "router-id",
    "FuncDef": "This command specifies the router ID to be used with this BGP instance.",
    "CLIs": [
        "router-id <ip-address>",
        "no router-id"
    ],
    "ParentView": [
        "config>router>bgp"
    ],
    "ParaDef": [
        {
            "Parameters": "ip-address",
            "Info": "Specifies the router ID, expressed as any non-zero value in the range 0.0.0.1 to 255.255.255.255 (or when converted to decimal it can have any value in the range 1-4294967295). It is recommended to use the system IPv4 address."
        }
    ],
    "Examples": null,
    "ExtraInfo": "Default: no router-id"
}
{
    "PageTitle": "disable-4byte-asn",
    "FuncDef": "This command disables the use of 4-byte ASNs. It can be configured at all 3 level of the hierarchy so it can be specified down to the per peer basis.",
    "CLIs": [
        "disable-4byte-asn",
        "no disable-4byte-asn"
    ],
    "ParentView": [
        "config>router>bgp",
        "config>router>bgp>group",
        "config>router>bgp>group>neighbor"
    ],
    "ParaDef": null,
    "Examples": null,
    "ExtraInfo": "Default: no disable-4byte-asn"
}
{
    "PageTitle": "send-to-ebgp",
    "FuncDef": "This command configures BGP to allow link-bandwidth extended community to be sent in routes advertised to EBGP peers in the scope of the command, as long the routes belong to one of the listed address families.",
    "CLIs": [
        "send-to-ebgp <family> [ <family> ]",
        "no send-to-ebgp"
    ],
    "ParentView": [
        "config>router>bgp>group>link-bandwidth",
        "config>router>bgp>group>neighbor>link-bandwidth"
    ],
    "ParaDef": [
        {
            "Parameters": "family",
            "Info": "Specifies the address families for which receiving the link-bandwidth extended community from EBGP peers should be supported. Values-ipv4 - Adds a link-bandwidth extended community to unlabeled unicast IPv4 routes.."
        }
    ],
    "Examples": null,
    "ExtraInfo": "Default: no send-to-ebgp"
}
{
    "PageTitle": "link-bandwidth",
    "FuncDef": "This command enables the configuration context for handling the link-bandwidth extended community attached to specific BGP routes.",
    "CLIs": [
        "link-bandwidth"
    ],
    "ParentView": [
        "config>router>bgp>group",
        "config>router>bgp>group>neighbor"
    ],
    "ParaDef": null,
    "Examples": null,
    "ExtraInfo": ""
}
{
    "PageTitle": "bgp",
    "FuncDef": "This command selects BGP tunneling for next-hop resolution and specifies the IPv4 tunnels created by receiving BGP label-unicast IPv4 routes for /32.IPv4 prefixes",
    "CLIs": [
        "bgp",
        "no bgp"
    ],
    "ParentView": [
        "config>router>bgp>next-hop-resolution>shortcut-tunn>family>resolution-filter",
        "config>router>bgp>next-hop-resolution>labeled-routes>transport-tunnel>family>resolution-filter"
    ],
    "ParaDef": null,
    "Examples": null,
    "ExtraInfo": ""
}
{
    "PageTitle": "group",
    "FuncDef": "This command creates a context to configure a BGP peer group.",
    "CLIs": [
        "group <name>",
        "no group <name>"
    ],
    "ParentView": [
        "config>router>bgp"
    ],
    "ParaDef": [
        {
            "Parameters": "name",
            "Info": "Specifies the peer group name. Allowed values are any string up to 32 characters long composed of printable, 7-bit ASCII characters. If the string contains special characters (#, $, spaces, and so on), the entire string must be enclosed within double quotes."
        }
    ],
    "Examples": null,
    "ExtraInfo": "Default: no group"
}
{
    "PageTitle": "next-hop-self",
    "FuncDef": "This command configures BGP to advertise routes to members of a group or to a specific neighbor using a local address of the BGP instance as the BGP next-hop address. Note thatnext-hop-selfis set without exception, regardless of the route source (EBGP or IBGP) or its family. When used with VPN-IPv4 and VPN-IPv6 routes theenable-rr-vpn-forwardingcommand should also be configured.",
    "CLIs": [
        "next-hop-self",
        "no next-hop-self"
    ],
    "ParentView": [
        "config>router>bgp>group",
        "config>router>bgp>group>neighbor"
    ],
    "ParaDef": null,
    "Examples": null,
    "ExtraInfo": "Default: no next-hop-self"
}
{
    "PageTitle": "advertise-inactive",
    "FuncDef": "This command enables the advertising of inactive BGP routes to other BGP peers. By default, BGP only advertises BGP routes to other BGP peers if a given BGP route is chosen by the route table manager as the most preferred route within the system and is active in the forwarding plane. This command allows system administrators to advertise a BGP route even though it is not the most preferred route within the system for a given destination.",
    "CLIs": [
        "advertise-inactive",
        "no advertise-inactive"
    ],
    "ParentView": [
        "config>router>bgp",
        "config>router>bgp>group",
        "config>router>bgp>group>neighbor"
    ],
    "ParaDef": null,
    "Examples": null,
    "ExtraInfo": "Default: no advertise-inactive"
}
{
    "PageTitle": "enable-origin-validation",
    "FuncDef": "When theenable-origin-validationcommand is added to the configuration of a group or neighbor, it causes every inbound IPv4 and/or IPv6 route from that peer to be marked with one of the 3 following origin validation states:",
    "CLIs": [
        "enable-origin-validation [ ipv4 ] [ ipv6 ] [ label-ipv4 ] [ label-ipv6 ]",
        "no enable-origin-validation"
    ],
    "ParentView": [
        "config>router>bgp>group",
        "config>router>bgp>group>neighbor"
    ],
    "ParaDef": [
        {
            "Parameters": "ipv4",
            "Info": "Enables origin validation processing for unlabeled unicast IPv4 routes."
        },
        {
            "Parameters": "ipv6",
            "Info": "Enables origin validation processing for unlabeled unicast IPv6 routes."
        },
        {
            "Parameters": "label-ipv4",
            "Info": "Enables origin validation processing for labeled IPv4 routes."
        },
        {
            "Parameters": "label-ipv6",
            "Info": "Enables origin validation processing for labeled IPv6 routes."
        }
    ],
    "Examples": null,
    "ExtraInfo": "Default: no enable-origin-validation"
}
{
    "PageTitle": "add-to-received-ebgp",
    "FuncDef": "This command configures BGP to automatically add a link-bandwidth extended community to every route received from a directly connected (single-hop) EBGP peer within the scope of the command, as long as that route belongs to one of the listed address families.",
    "CLIs": [
        "add-to-received-ebgp <family> [ <family> ]",
        "no add-to-received-ebgp"
    ],
    "ParentView": [
        "config>router>bgp>group>link-bandwidth",
        "config>router>bgp>group>neighbor>link-bandwidth"
    ],
    "ParaDef": [
        {
            "Parameters": "family",
            "Info": "Specifies the address families for which receiving the link-bandwidth extended community from EBGP peers should be supported. Values-ipv4 - Adds a link-bandwidth extended community to unlabeled unicast IPv4 routes.."
        }
    ],
    "Examples": null,
    "ExtraInfo": "Default: no add-to-received-ebgp"
}

---

Generate CLI configuration commands that fulfill the user's request using the information from the reference content. Please respond directly to the user's question. Do not mention phrases like "based on the information you provided", "according to the documentation", or anything similar.
/miniforge/envs/safe/lib/python3.10/site-packages/transformers/generation/configuration_utils.py:590: UserWarning: `do_sample` is set to `False`. However, `temperature` is set to `0.7` -- this flag is only used in sample-based generation modes. You should set `do_sample=True` or unset `temperature`.
  warnings.warn(
/miniforge/envs/safe/lib/python3.10/site-packages/transformers/generation/configuration_utils.py:595: UserWarning: `do_sample` is set to `False`. However, `top_p` is set to `0.8` -- this flag is only used in sample-based generation modes. You should set `do_sample=True` or unset `top_p`.
  warnings.warn(
/miniforge/envs/safe/lib/python3.10/site-packages/transformers/generation/configuration_utils.py:612: UserWarning: `do_sample` is set to `False`. However, `top_k` is set to `20` -- this flag is only used in sample-based generation modes. You should set `do_sample=True` or unset `top_k`.
  warnings.warn(
------------
As a network device expert, please determine whether the following answer correctly responds to the user's question based on the router configuration manual. Only output "Correct" or "Incorrect" without any explanation or additional information. You must make your own judgment based on the Router configuration manual provided to you, not on your own knowledge.
---
## User question:
How to configure Nokia router's BGP group to receive and utilize the link-bandwidth extended community for IPv6 routes advertised by EBGP peers?
---
## Proposed answer:
To configure Nokia router's BGP group to receive and utilize the link-bandwidth extended community for IPv6 routes advertised by EBGP peers, you need to perform the following steps:

1. Enter the BGP configuration mode.
2. Create or select a BGP group.
3. Enable the `link-bandwidth` feature under the BGP group.
4. Configure the BGP group to accept the link-bandwidth extended community from EBGP peers for IPv6 routes.
5. Ensure the BGP group is configured to send the link-bandwidth extended community to EBGP peers for IPv6 routes.

Here are the corresponding CLI commands:

```plaintext
config> router> bgp
group my_group
link-bandwidth
accept-from-ebgp ipv6
send-to-ebgp ipv6
```

Replace `my_group` with the desired name for your BGP group.
---
## Router configuration manual:
CLIs:
accept-from-ebgp <family> [ <family> ]
no accept-from-ebgp
FuncDef:
This command configures BGP to accept and use the link-bandwidth extended community attached to any route received from any EBGP peer in the scope of the command, as long as that route belongs to one of the listed address families.
ParaDef:
{'Parameters': 'family', 'Info': 'Specifies the address families for which receiving the link-bandwidth extended community from EBGP peers should be supported. Values-ipv4 - Adds a link-bandwidth extended community to unlabeled unicast IPv4 routes..'}
---
Please answer Correct or Incorrect.
Your answer:
------------
Incorrect
------------
  1%|          | 2/364 [00:52<2:44:31, 27.27s/it]input_text
How to configure a huawei router to enable BGP ORF negotiation for receiving route filters from a peer?
原cli:
ip vpn-instance vpna
匹配的cli
monitor vpn-instance <vpn-instance-name> peer <ipv4-address>
monitor vpn-instance <vpn-instance-name> peer <ipv6-address>
undo monitor vpn-instance <vpn-instance-name> peer <ipv4-address>
undo monitor vpn-instance <vpn-instance-name> peer <ipv6-address>
查询的def
The monitor vpn-instance peer command displays the BMP-Monitor view and allows the BGP running status of a specified BGP peer in a specified VPN instance address family to be monitored.
The undo monitor vpn-instance peer command restores the default configuration.
By default, the BGP running status of BGP peers is not monitored.
检索到的def
This command enables BGP peer tracking. BGP peer tracking allows a BGP peer to be dropped immediately if the route used to resolve the BGP peer address is removed from the IP routing table and there is no alternative available. The BGP peer will not wait for the holdtimer to expire; therefore, the BGP re-convergence process is accelerated.
检索到的def
This command configures BGP to advertise (at session OPEN) the capability to receive label IPv4, VPN IPv4 routes, or IPv6 next hops from the peers. These peers should not send such routes unless they receive notification of this capability. If the SR OS router receives a label IPv4 or VPN IPv4 route from a peer to which it did not advertise the necessary capability, the UPDATE message will be considered malformed and this will cause either session reset ortreat-as-withdrawbehavior depending on the error handling settings.
检索到的def
This command configures BGP to advertise routes to members of a group or to a specific neighbor using a local address of the BGP instance as the BGP next-hop address. Note thatnext-hop-selfis set without exception, regardless of the route source (EBGP or IBGP) or its family. When used with VPN-IPv4 and VPN-IPv6 routes theenable-rr-vpn-forwardingcommand should also be configured.
检索到的def
When the system sends a VPN-IP Route-Refresh to a peer it sets all the VPN-IP routes received from that peer (in the RIB-IN) to stale and starts the purge-timer. If the routes are not updated (refreshed) before the purge-timer has expired then the routes are removed.
检索到的def
This command configures the local IP address used by the local router when communicating with the BMP monitoring station. This configuration is optional.
匹配的cli
ipv4-family vpn-instance <vpn-instance-name>
undo ipv4-family vpn-instance <vpn-instance-name>
查询的def
The ipv4-family vpn-instance command enables the BGP-VPN instance address family and displays the address family view.
The undo ipv4-family vpn-instance command deletes the configurations in the BGP-VPN instance address family.
By default, the BGP-IPv4 unicast address family view is displayed.
检索到的def
This command causes the base instance BGP import route policies to be applied to vpn-ipv4/6, mvpn-ipv4/6, l2-vpn, mdt-safi, mcast-vpn-ipv4, and evpn routes.
检索到的def
This command specifies the primary IP address of a reference location used for BGP optimal route reflection. Up to three IPv4 addresses and three IPv6 addresses can be specified per location.
检索到的def
This command configures BGP to advertise routes to members of a group or to a specific neighbor using a local address of the BGP instance as the BGP next-hop address. Note thatnext-hop-selfis set without exception, regardless of the route source (EBGP or IBGP) or its family. When used with VPN-IPv4 and VPN-IPv6 routes theenable-rr-vpn-forwardingcommand should also be configured.
检索到的def
This command specifies the primary IPv6 address of a reference location used for BGP optimal route reflection. Up to three IPv4 addresses and three IPv6 addresses can be specified per location.
检索到的def
This command causes the base instance BGP export route policies to be applied to vpn-ipv4/6, mvpn-ipv4/6, l2-vpn, mdt-safi, mcast-vpn-ipv4, and evpn routes.
匹配的cli
ipv4-family vpn-instance <vpn-instance-name>
undo ipv4-family vpn-instance <vpn-instance-name>
查询的def
The ipv4-family vpn-instance command enables the BGP-VPN instance address family and displays the address family view.
The undo ipv4-family vpn-instance command deletes the configurations in the BGP-VPN instance address family.
By default, the BGP-IPv4 unicast address family view is displayed.
检索到的def
This command causes the base instance BGP import route policies to be applied to vpn-ipv4/6, mvpn-ipv4/6, l2-vpn, mdt-safi, mcast-vpn-ipv4, and evpn routes.
检索到的def
This command specifies the primary IP address of a reference location used for BGP optimal route reflection. Up to three IPv4 addresses and three IPv6 addresses can be specified per location.
检索到的def
This command configures BGP to advertise routes to members of a group or to a specific neighbor using a local address of the BGP instance as the BGP next-hop address. Note thatnext-hop-selfis set without exception, regardless of the route source (EBGP or IBGP) or its family. When used with VPN-IPv4 and VPN-IPv6 routes theenable-rr-vpn-forwardingcommand should also be configured.
检索到的def
This command specifies the primary IPv6 address of a reference location used for BGP optimal route reflection. Up to three IPv4 addresses and three IPv6 addresses can be specified per location.
检索到的def
This command causes the base instance BGP export route policies to be applied to vpn-ipv4/6, mvpn-ipv4/6, l2-vpn, mdt-safi, mcast-vpn-ipv4, and evpn routes.
匹配的cli
display ip vpn-instance import-vt <ivt-value>
查询的def
The display ip vpn-instance import-vt command displays all VPN instances with the specified import VPN target.
检索到的def
This command causes the base instance BGP import route policies to be applied to vpn-ipv4/6, mvpn-ipv4/6, l2-vpn, mdt-safi, mcast-vpn-ipv4, and evpn routes.
检索到的def
This command causes the base instance BGP export route policies to be applied to vpn-ipv4/6, mvpn-ipv4/6, l2-vpn, mdt-safi, mcast-vpn-ipv4, and evpn routes.
检索到的def
This command configures the add-paths capability for VPN-IPv4 routes. By default, add-paths is not enabled for VPN-IPv4 routes.
检索到的def
This command configures the add-paths capability for VPN-IPv6 routes. By default, add-paths is not enabled for VPN-IPv6 routes.
检索到的def
This command configures the add-paths capability for multicast IPv4 VPN routes. By default, add-paths is not enabled for multicast IPv4 VPN routes.
匹配的cli
peer <ipv4-address> default-originate vpn-instance <vpn-instance-name>
undo peer <ipv4-address> default-originate vpn-instance <vpn-instance-name>
查询的def
The peer default-originate vpn-instance command configures BGP to advertise all default routes related to the specified VPN instance to the specified virtual private network version 4 (VPNv4) peer.
The undo peer default-originate vpn-instance command removes the configuration.
By default, BGP does not advertise its default route to the VPNv4 peer.
检索到的def
This command configures BGP to advertise routes to members of a group or to a specific neighbor using a local address of the BGP instance as the BGP next-hop address. Note thatnext-hop-selfis set without exception, regardless of the route source (EBGP or IBGP) or its family. When used with VPN-IPv4 and VPN-IPv6 routes theenable-rr-vpn-forwardingcommand should also be configured.
检索到的def
This command configures BGP to advertise (at session OPEN) the capability to receive label IPv4, VPN IPv4 routes, or IPv6 next hops from the peers. These peers should not send such routes unless they receive notification of this capability. If the SR OS router receives a label IPv4 or VPN IPv4 route from a peer to which it did not advertise the necessary capability, the UPDATE message will be considered malformed and this will cause either session reset ortreat-as-withdrawbehavior depending on the error handling settings.
检索到的def
This command enables the advertising of inactive BGP routes to other BGP peers. By default, BGP only advertises BGP routes to other BGP peers if a given BGP route is chosen by the route table manager as the most preferred route within the system and is active in the forwarding plane. This command allows system administrators to advertise a BGP route even though it is not the most preferred route within the system for a given destination.
检索到的def
This command allows the BGP next-hop of label-IPv4, label-IPv6, VPN-IPv4, and VPN-IPv6 routes received from any EBGP or IBGP peer to be resolved using static routes, except for static default routes (0/0 and ::/0).
检索到的def
This command instructs BGP to disregard the resolved distance to the BGP next-hop in its decision process for selecting the best route to a destination. When configured in theconfig>router>bgp>best-path-selectioncontext, this command applies to the comparison of two BGP routes with the same NLRI learned from base router BGP peers. When configured in theconfig>service>vprncontext, this command applies to the comparison of two BGP-VPN routes for the same IP prefix imported into the VPRN from the base router BGP instance. When configured in theconfig>service>vprn>bgp>best-path-selectioncontext, this command applies to the comparison of two BGP routes for the same IP prefix learned from VPRN BGP peers.
原cli:
ipv4-family
匹配的cli
ipv4-family unicast
查询的def
The ipv4-family unicast command displays the BGP-IPv4 unicast address family.
By default, the BGP-IPv4 unicast address family view is displayed.
检索到的def
This command specifies the primary IP address of a reference location used for BGP optimal route reflection. Up to three IPv4 addresses and three IPv6 addresses can be specified per location.
检索到的def
This command specifies the primary IPv6 address of a reference location used for BGP optimal route reflection. Up to three IPv4 addresses and three IPv6 addresses can be specified per location.
检索到的def
This command selects BGP tunneling for next-hop resolution and specifies the IPv4 tunnels created by receiving BGP label-unicast IPv4 routes for /32.IPv4 prefixes
检索到的def
This command specifies the tertiary IP address of a reference location used for BGP optimal route reflection. Up to three IPv4 addresses and three IPv6 addresses can be specified per location.
检索到的def
This command specifies the tertiary IPv6 address of a reference location used for BGP optimal route reflection. Up to three IPv4 addresses and three IPv6 addresses can be specified per location.
匹配的cli
ipv4-family [ unicast ]
undo ipv4-family [ unicast ]
查询的def
The ipv4-family command enables the IPv4 address family for a VPN instance and displays the VPN instance IPv4 address family view.
The undo ipv4-family command disables the IPv4 address family for a VPN instance.
By default, the IPv4 address family is not enabled for a VPN instance.
检索到的def
This command configures the add-paths capability for VPN-IPv4 routes. By default, add-paths is not enabled for VPN-IPv4 routes.
检索到的def
This command configures the add-paths capability for multicast VPN IPv4 routes. By default, add-paths is not enabled for multicast VPN IPv4 routes.
检索到的def
This command configures the add-paths capability for multicast IPv4 VPN routes. By default, add-paths is not enabled for multicast IPv4 VPN routes.
检索到的def
This command disables capability negotiation. When the command is enabled and after the peering is flapped, any new capabilities are not negotiated and will strictly support IPv4 routing exchanges with that peer.
检索到的def
This command configures the add-paths capability for VPN-IPv6 routes. By default, add-paths is not enabled for VPN-IPv6 routes.
匹配的cli
ipv4-family labeled-unicast
undo ipv4-family labeled-unicast
查询的def
The ipv4-family labeled-unicast command creates and enters the BGP unicast labeled address family view.
The undo ipv4-family labeled-unicast command deletes the BGP unicast labeled address family view.
By default, the BGP unicast labeled address family view does not exist.
检索到的def
This command configures the add-paths capability for labeled-unicast IPv4 routes. By default, add-paths is not enabled for labeled-unicast IPv4 routes.
检索到的def
This command enables the context to configure options for the next-hop resolution of BGP labeled routes (VPN-IP and labeled-unicast) using tunnels in TTM. The context allows the selection of different tunnel resolution options for different types of BGP labeled routes: label-unicast IPv4, label-unicast IPv6, and VPN-IP routes (both VPN-IPv4 and VPN-IPv6).
检索到的def
This command selects BGP tunneling for next-hop resolution and specifies the IPv4 tunnels created by receiving BGP label-unicast IPv4 routes for /32.IPv4 prefixes
检索到的def
This command configures BGP to advertise (at session OPEN) the capability to receive label IPv4, VPN IPv4 routes, or IPv6 next hops from the peers. These peers should not send such routes unless they receive notification of this capability. If the SR OS router receives a label IPv4 or VPN IPv4 route from a peer to which it did not advertise the necessary capability, the UPDATE message will be considered malformed and this will cause either session reset ortreat-as-withdrawbehavior depending on the error handling settings.
检索到的def
This command specifies the primary IP address of a reference location used for BGP optimal route reflection. Up to three IPv4 addresses and three IPv6 addresses can be specified per location.
匹配的cli
ipv4-family vpnv4-multicast
undo ipv4-family vpnv4-multicast
查询的def
The ipv4-family vpnv4-multicast command creates end enters the BGP-VPNv4-Multicast address family view.
The undo ipv4-family vpnv4-multicast command deletes the configurations in the BGP-VPNv4-Multicast address family.
By default, the BGP-IPv4 unicast address family view is displayed.
检索到的def
This command configures the add-paths capability for multicast VPN IPv4 routes. By default, add-paths is not enabled for multicast VPN IPv4 routes.
检索到的def
This command configures the add-paths capability for multicast IPv4 VPN routes. By default, add-paths is not enabled for multicast IPv4 VPN routes.
检索到的def
This command specifies the primary IP address of a reference location used for BGP optimal route reflection. Up to three IPv4 addresses and three IPv6 addresses can be specified per location.
检索到的def
This command specifies the primary IPv6 address of a reference location used for BGP optimal route reflection. Up to three IPv4 addresses and three IPv6 addresses can be specified per location.
检索到的def
This command specifies the tertiary IP address of a reference location used for BGP optimal route reflection. Up to three IPv4 addresses and three IPv6 addresses can be specified per location.
匹配的cli
ipv4-family mdt
undo ipv4-family mdt
查询的def
The ipv4-family mdt command enables the BGP-Multicast Distribution Tree (MDT) address family and displays the address family view.
The undo ipv4-family mdt command deletes the configurations in the BGP-MDT address family.
By default, the BGP-IPv4 unicast address family view is displayed.
检索到的def
This command specifies the primary IP address of a reference location used for BGP optimal route reflection. Up to three IPv4 addresses and three IPv6 addresses can be specified per location.
检索到的def
This command specifies the primary IPv6 address of a reference location used for BGP optimal route reflection. Up to three IPv4 addresses and three IPv6 addresses can be specified per location.
检索到的def
This command specifies the tertiary IP address of a reference location used for BGP optimal route reflection. Up to three IPv4 addresses and three IPv6 addresses can be specified per location.
检索到的def
This command specifies the tertiary IPv6 address of a reference location used for BGP optimal route reflection. Up to three IPv4 addresses and three IPv6 addresses can be specified per location.
检索到的def
This command specifies the secondary IP address of a reference location used for BGP optimal route reflection. Up to three IPv4 addresses and three IPv6 addresses can be specified per location.
原cli:
route-distinguisher 100:1
匹配的cli
trace-prefix route-distinguisher <vrfRD> <ipv4-address> <mask-length>
undo trace-prefix route-distinguisher <vrfRD> <ipv4-address> <mask-length>
查询的def
The trace-prefix route-distinguisher command configures BMP to monitor the trace data of a VPNv4 route with a specified RD and route prefix as well as the IPv4 VPN unicast route transformed from the VPNv4 route.
The undo trace-prefix route-distinguisher command restores the default configuration.
By default, BMP does not monitor the trace data of a specified VPNv4 route or IPv4 VPN unicast route transformed from the VPNv4 route.
检索到的def
This command enables the context to configure options for the next-hop resolution of BGP labeled routes (VPN-IP and labeled-unicast) using tunnels in TTM. The context allows the selection of different tunnel resolution options for different types of BGP labeled routes: label-unicast IPv4, label-unicast IPv6, and VPN-IP routes (both VPN-IPv4 and VPN-IPv6).
检索到的def
This command instructs BGP to disregard the resolved distance to the BGP next-hop in its decision process for selecting the best route to a destination. When configured in theconfig>router>bgp>best-path-selectioncontext, this command applies to the comparison of two BGP routes with the same NLRI learned from base router BGP peers. When configured in theconfig>service>vprncontext, this command applies to the comparison of two BGP-VPN routes for the same IP prefix imported into the VPRN from the base router BGP instance. When configured in theconfig>service>vprn>bgp>best-path-selectioncontext, this command applies to the comparison of two BGP routes for the same IP prefix learned from VPRN BGP peers.
检索到的def
This command configures the add-paths capability for multicast VPN IPv4 routes. By default, add-paths is not enabled for multicast VPN IPv4 routes.
检索到的def
This command configures the add-paths capability for multicast IPv4 VPN routes. By default, add-paths is not enabled for multicast IPv4 VPN routes.
检索到的def
This command enables the computation and use of a backup path for IPv4 and/or IPv6 BGP-learned prefixes belonging to the base router. Multiple paths must be received for a prefix in order to take advantage of this feature. When a prefix has a backup path and its primary paths fail, the affected traffic is rapidly diverted to the backup path without waiting for control plane re-convergence to occur. When many prefixes share the same primary paths, and in some cases also the same backup path, the time to failover traffic to the backup path is independent of the number of prefixes.
匹配的cli
trace-prefix route-distinguisher <vrfRD> all
undo trace-prefix route-distinguisher <vrfRD> all
查询的def
The trace-prefix route-distinguisher all command configures BMP to monitor the trace data of all VPNv4 routes with a specified RD and IPv4 VPN unicast routes transformed from the VPNv4 routes.
The undo trace-prefix route-distinguisher all command restores the default configuration.
By default, BMP does not monitor the trace data of any VPNv4 route or IPv4 VPN unicast route transformed from the VPNv4 route.
检索到的def
This command enables the context to configure options for the next-hop resolution of BGP labeled routes (VPN-IP and labeled-unicast) using tunnels in TTM. The context allows the selection of different tunnel resolution options for different types of BGP labeled routes: label-unicast IPv4, label-unicast IPv6, and VPN-IP routes (both VPN-IPv4 and VPN-IPv6).
检索到的def
This command instructs BGP to disregard the resolved distance to the BGP next-hop in its decision process for selecting the best route to a destination. When configured in theconfig>router>bgp>best-path-selectioncontext, this command applies to the comparison of two BGP routes with the same NLRI learned from base router BGP peers. When configured in theconfig>service>vprncontext, this command applies to the comparison of two BGP-VPN routes for the same IP prefix imported into the VPRN from the base router BGP instance. When configured in theconfig>service>vprn>bgp>best-path-selectioncontext, this command applies to the comparison of two BGP routes for the same IP prefix learned from VPRN BGP peers.
检索到的def
This command configures the add-paths capability for multicast VPN IPv4 routes. By default, add-paths is not enabled for multicast VPN IPv4 routes.
检索到的def
This command configures the add-paths capability for multicast IPv4 VPN routes. By default, add-paths is not enabled for multicast IPv4 VPN routes.
检索到的def
This command configures the add-paths capability for VPN-IPv4 routes. By default, add-paths is not enabled for VPN-IPv4 routes.
匹配的cli
local-cross-routing non-med
undo local-cross-routing non-med
查询的def
The local-cross-routing non-med command enables BGP to remove the MED attribute from the imported routes that are locally crossed and are to be advertised to a specified peer after an export policy for which the apply cost-type command is run is applied to the peer.
The undo local-cross-routing non-med command restores the default configuration.
By default, BGP does not remove the MED attribute from the imported routes that are locally crossed and are to be advertised to a specified peer after an export policy for which the apply cost-type command is run is applied to the peer.
检索到的def
This command configures the comparison of BGP routes based on the MED attribute. The default behavior of SR-OS (equivalent to thenoform of the command) is to only compare two routes on the basis of MED if they have the same neighbor AS (the first non-confed AS in the received AS_PATH attribute). Also by default, a route without a MED attribute is handled the same as though it had a MED attribute with the value 0. Thealways-compare-medcommand without thestrict-askeyword allows MED to be compared even if the paths have a different neighbor AS; in this case, if neitherzeroorinfinityis specified, thezerooption is inferred, meaning a route without a MED is handled the same as though it had a MED attribute with the value 0. When thestrict-askeyword is present, MED is only compared between paths from the same neighbor AS,
and in this case,zeroorinfinityis mandatory and tells BGP how to interpret paths without a MED attribute.
检索到的def
This command enables setting the BGP local-preference attribute in incoming routes if not specified and configures the default value for the attribute.
检索到的def
This command instructs BGP to disregard the resolved distance to the BGP next-hop in its decision process for selecting the best route to a destination. When configured in theconfig>router>bgp>best-path-selectioncontext, this command applies to the comparison of two BGP routes with the same NLRI learned from base router BGP peers. When configured in theconfig>service>vprncontext, this command applies to the comparison of two BGP-VPN routes for the same IP prefix imported into the VPRN from the base router BGP instance. When configured in theconfig>service>vprn>bgp>best-path-selectioncontext, this command applies to the comparison of two BGP routes for the same IP prefix learned from VPRN BGP peers.
检索到的def
This command instructs the BGP decision process to ignore the difference between EBGP and IBGP routes in selecting the best path and eligible multipaths (if multipath and ECMP are enabled). The result is a form of EIBGP load-balancing in a multipath scenario.
检索到的def
This command disables the delay (Minimum Route Advertisement) on sending BGP withdrawals. Normal route withdrawals may be delayed up to the minimum route advertisement to allow for efficient packing of BGP updates.
匹配的cli
segment-routing ipv6 best-effort
undo segment-routing ipv6 best-effort
查询的def
The segment-routing ipv6 best-effort command enables a device to perform public network route iteration based on SIDs carried in routes.
The undo segment-routing ipv6 best-effort command disables a device from performing public network route iteration based on SIDs carried in routes.
By default, this function is disabled.
检索到的def
This command configures BGP to advertise (at session OPEN) the capability to receive label IPv4, VPN IPv4 routes, or IPv6 next hops from the peers. These peers should not send such routes unless they receive notification of this capability. If the SR OS router receives a label IPv4 or VPN IPv4 route from a peer to which it did not advertise the necessary capability, the UPDATE message will be considered malformed and this will cause either session reset ortreat-as-withdrawbehavior depending on the error handling settings.
检索到的def
This command configures the add-paths capability for labeled-unicast IPv6 routes. By default, add-paths is not enabled for labeled-unicast IPv6 routes.
检索到的def
This command enables the computation and use of a backup path for IPv4 and/or IPv6 BGP-learned prefixes belonging to the base router. Multiple paths must be received for a prefix in order to take advantage of this feature. When a prefix has a backup path and its primary paths fail, the affected traffic is rapidly diverted to the backup path without waiting for control plane re-convergence to occur. When many prefixes share the same primary paths, and in some cases also the same backup path, the time to failover traffic to the backup path is independent of the number of prefixes.
检索到的def
This command selects the IPv6 segment routing tunnel type programmed by an OSPFv3 instance in the TTMv6 for next-hop resolution of BGP routes and labeled routes. This option allows BGP to use the segment routing tunnel in the tunnel table submitted by the lowest preference OSPFv3 instance or, in case of a tie, the lowest-numbered OSPFv3 instance.
检索到的def
This command specifies whether to use BGP routes to recursively resolve the BGP next-hop of unlabeled IPv4 and unlabeled IPv6 routes. Up to four levels of recursion are supported.
匹配的cli
segment-routing ipv6 best-effort
undo segment-routing ipv6 best-effort
查询的def
The segment-routing ipv6 best-effort command enables a device to perform public network route iteration based on SIDs carried in routes.
The undo segment-routing ipv6 best-effort command disables a device from performing public network route iteration based on SIDs carried in routes.
By default, this function is disabled.
检索到的def
This command configures BGP to advertise (at session OPEN) the capability to receive label IPv4, VPN IPv4 routes, or IPv6 next hops from the peers. These peers should not send such routes unless they receive notification of this capability. If the SR OS router receives a label IPv4 or VPN IPv4 route from a peer to which it did not advertise the necessary capability, the UPDATE message will be considered malformed and this will cause either session reset ortreat-as-withdrawbehavior depending on the error handling settings.
检索到的def
This command configures the add-paths capability for labeled-unicast IPv6 routes. By default, add-paths is not enabled for labeled-unicast IPv6 routes.
检索到的def
This command enables the computation and use of a backup path for IPv4 and/or IPv6 BGP-learned prefixes belonging to the base router. Multiple paths must be received for a prefix in order to take advantage of this feature. When a prefix has a backup path and its primary paths fail, the affected traffic is rapidly diverted to the backup path without waiting for control plane re-convergence to occur. When many prefixes share the same primary paths, and in some cases also the same backup path, the time to failover traffic to the backup path is independent of the number of prefixes.
检索到的def
This command selects the IPv6 segment routing tunnel type programmed by an OSPFv3 instance in the TTMv6 for next-hop resolution of BGP routes and labeled routes. This option allows BGP to use the segment routing tunnel in the tunnel table submitted by the lowest preference OSPFv3 instance or, in case of a tie, the lowest-numbered OSPFv3 instance.
检索到的def
This command specifies whether to use BGP routes to recursively resolve the BGP next-hop of unlabeled IPv4 and unlabeled IPv6 routes. Up to four levels of recursion are supported.
原cli:
quit
匹配的cli
shutdown
undo shutdown
查询的def
The shutdown command terminates all sessions between a device and its BGP peers.
The undo shutdown command restores all sessions between a device and its BGP peers.
By default, the function of terminating all sessions between a device and its BGP peers is disabled.
检索到的def
This command configures the maximum number of BGP routes that can be received from a peer before some administrative action is taken. The administrative action can be the generation of a log event or taking down the session. If a session is taken down, then it can be brought back up automatically after an idle-timeout period, or else it can be configured to stay down ('forever') until the operator performs a reset.
检索到的def
This command controls how long a BGP peer session remains in the idle-state after some type of error causes the session to reset. In the idle state, BGP does not initiate or respond to attempts to establish a new session. Repeated errors that occur a short while after each session reset cause longer and longer hold times in the idle state. This command supports the DampPeerOscillations FSM behavior described in section 8.1 of RFC 4271,A Border Gateway Protocol 4 (BGP-4).
检索到的def
This command enables BGP route damping for learned routes which are defined within the route policy. Use damping to reduce the number of update messages sent between BGP peers and reduce the load on peers without affecting the route convergence time for stable routes. Damping parameters are set via route policy definition.
检索到的def
When this command is configured so that it applies to an EBGP session, all routes (belonging to all address families) that are received from the EBGP peer are checked to ensure that the most recent autonomous system number (ASN) in the AS_PATH attribute of each route matches the configuredpeer-asof the session; if it does not match, then either the session is reset (ifupdate-fault-toleranceis not enabled) or the session is left up but the route is treated as withdrawn (ifupdate-fault-toleranceis enabled).
检索到的def
When this command is present, the graceful restart capability sent by this router indicates support for NOTIFICATION messages. If the peer also supports this capability then the session can be restarted gracefully (while preserving forwarding) if either peer needs to sends a NOTIFICATION message due to some type of event or error.
匹配的cli
shutdown
undo shutdown
查询的def
The shutdown command terminates all sessions between a device and its BGP peers.
The undo shutdown command restores all sessions between a device and its BGP peers.
By default, the function of terminating all sessions between a device and its BGP peers is disabled.
检索到的def
This command configures the maximum number of BGP routes that can be received from a peer before some administrative action is taken. The administrative action can be the generation of a log event or taking down the session. If a session is taken down, then it can be brought back up automatically after an idle-timeout period, or else it can be configured to stay down ('forever') until the operator performs a reset.
检索到的def
This command controls how long a BGP peer session remains in the idle-state after some type of error causes the session to reset. In the idle state, BGP does not initiate or respond to attempts to establish a new session. Repeated errors that occur a short while after each session reset cause longer and longer hold times in the idle state. This command supports the DampPeerOscillations FSM behavior described in section 8.1 of RFC 4271,A Border Gateway Protocol 4 (BGP-4).
检索到的def
This command enables BGP route damping for learned routes which are defined within the route policy. Use damping to reduce the number of update messages sent between BGP peers and reduce the load on peers without affecting the route convergence time for stable routes. Damping parameters are set via route policy definition.
检索到的def
When this command is configured so that it applies to an EBGP session, all routes (belonging to all address families) that are received from the EBGP peer are checked to ensure that the most recent autonomous system number (ASN) in the AS_PATH attribute of each route matches the configuredpeer-asof the session; if it does not match, then either the session is reset (ifupdate-fault-toleranceis not enabled) or the session is left up but the route is treated as withdrawn (ifupdate-fault-toleranceis enabled).
检索到的def
When this command is present, the graceful restart capability sent by this router indicates support for NOTIFICATION messages. If the peer also supports this capability then the session can be restarted gracefully (while preserving forwarding) if either peer needs to sends a NOTIFICATION message due to some type of event or error.
匹配的cli
deterministic-med
undo deterministic-med
查询的def
The deterministic-med command enables the BGP deterministic-MED function so that the route selection result is irrelevant to the sequence in which routes are received.
The undo deterministic-med command restores the default configuration.
By default, the BGP deterministic-MED function is disabled.
检索到的def
This command controls how the BGP decision process compares routes on the basis of MED. Whendeterministic-medis configured, BGP groups paths that are equal up to the MED comparison step based on neighbor AS, and then compares the best path from each group to arrive at the overall best path. This change to the BGP decision process makes best path selection completely deterministic in all cases. Withoutdeterministic-med, the overall best path selection is sometimes dependent on the order of the route arrival because of the rule that MED cannot be compared in routes from different neighbor AS.
检索到的def
This command configures the comparison of BGP routes based on the MED attribute. The default behavior of SR-OS (equivalent to thenoform of the command) is to only compare two routes on the basis of MED if they have the same neighbor AS (the first non-confed AS in the received AS_PATH attribute). Also by default, a route without a MED attribute is handled the same as though it had a MED attribute with the value 0. Thealways-compare-medcommand without thestrict-askeyword allows MED to be compared even if the paths have a different neighbor AS; in this case, if neitherzeroorinfinityis specified, thezerooption is inferred, meaning a route without a MED is handled the same as though it had a MED attribute with the value 0. When thestrict-askeyword is present, MED is only compared between paths from the same neighbor AS,
and in this case,zeroorinfinityis mandatory and tells BGP how to interpret paths without a MED attribute.
检索到的def
This command disables the delay (Minimum Route Advertisement) on sending BGP withdrawals. Normal route withdrawals may be delayed up to the minimum route advertisement to allow for efficient packing of BGP updates.
检索到的def
This command instructs the BGP decision process to ignore the difference between EBGP and IBGP routes in selecting the best path and eligible multipaths (if multipath and ECMP are enabled). The result is a form of EIBGP load-balancing in a multipath scenario.
检索到的def
This command enables or disables entropy label capability (ELC) on BGP tunnels.
匹配的cli
deterministic-med
undo deterministic-med
查询的def
The deterministic-med command enables the BGP deterministic-MED function so that the route selection result is irrelevant to the sequence in which routes are received.
The undo deterministic-med command restores the default configuration.
By default, the BGP deterministic-MED function is disabled.
检索到的def
This command controls how the BGP decision process compares routes on the basis of MED. Whendeterministic-medis configured, BGP groups paths that are equal up to the MED comparison step based on neighbor AS, and then compares the best path from each group to arrive at the overall best path. This change to the BGP decision process makes best path selection completely deterministic in all cases. Withoutdeterministic-med, the overall best path selection is sometimes dependent on the order of the route arrival because of the rule that MED cannot be compared in routes from different neighbor AS.
检索到的def
This command configures the comparison of BGP routes based on the MED attribute. The default behavior of SR-OS (equivalent to thenoform of the command) is to only compare two routes on the basis of MED if they have the same neighbor AS (the first non-confed AS in the received AS_PATH attribute). Also by default, a route without a MED attribute is handled the same as though it had a MED attribute with the value 0. Thealways-compare-medcommand without thestrict-askeyword allows MED to be compared even if the paths have a different neighbor AS; in this case, if neitherzeroorinfinityis specified, thezerooption is inferred, meaning a route without a MED is handled the same as though it had a MED attribute with the value 0. When thestrict-askeyword is present, MED is only compared between paths from the same neighbor AS,
and in this case,zeroorinfinityis mandatory and tells BGP how to interpret paths without a MED attribute.
检索到的def
This command disables the delay (Minimum Route Advertisement) on sending BGP withdrawals. Normal route withdrawals may be delayed up to the minimum route advertisement to allow for efficient packing of BGP updates.
检索到的def
This command instructs the BGP decision process to ignore the difference between EBGP and IBGP routes in selecting the best path and eligible multipaths (if multipath and ECMP are enabled). The result is a form of EIBGP load-balancing in a multipath scenario.
检索到的def
This command enables or disables entropy label capability (ELC) on BGP tunnels.
匹配的cli
deterministic-med
undo deterministic-med
查询的def
The deterministic-med command enables the BGP deterministic-MED function so that the route selection result is irrelevant to the sequence in which routes are received.
The undo deterministic-med command restores the default configuration.
By default, the BGP deterministic-MED function is disabled.
检索到的def
This command controls how the BGP decision process compares routes on the basis of MED. Whendeterministic-medis configured, BGP groups paths that are equal up to the MED comparison step based on neighbor AS, and then compares the best path from each group to arrive at the overall best path. This change to the BGP decision process makes best path selection completely deterministic in all cases. Withoutdeterministic-med, the overall best path selection is sometimes dependent on the order of the route arrival because of the rule that MED cannot be compared in routes from different neighbor AS.
检索到的def
This command configures the comparison of BGP routes based on the MED attribute. The default behavior of SR-OS (equivalent to thenoform of the command) is to only compare two routes on the basis of MED if they have the same neighbor AS (the first non-confed AS in the received AS_PATH attribute). Also by default, a route without a MED attribute is handled the same as though it had a MED attribute with the value 0. Thealways-compare-medcommand without thestrict-askeyword allows MED to be compared even if the paths have a different neighbor AS; in this case, if neitherzeroorinfinityis specified, thezerooption is inferred, meaning a route without a MED is handled the same as though it had a MED attribute with the value 0. When thestrict-askeyword is present, MED is only compared between paths from the same neighbor AS,
and in this case,zeroorinfinityis mandatory and tells BGP how to interpret paths without a MED attribute.
检索到的def
This command disables the delay (Minimum Route Advertisement) on sending BGP withdrawals. Normal route withdrawals may be delayed up to the minimum route advertisement to allow for efficient packing of BGP updates.
检索到的def
This command instructs the BGP decision process to ignore the difference between EBGP and IBGP routes in selecting the best path and eligible multipaths (if multipath and ECMP are enabled). The result is a form of EIBGP load-balancing in a multipath scenario.
检索到的def
This command enables or disables entropy label capability (ELC) on BGP tunnels.
原cli:
bgp 100 instance a
匹配的cli
bgp <as-number> instance <instance-name>
undo bgp <as-number> instance <instance-name>
查询的def
The bgp instance command enables BGP and enter the BGP multi-instance view.
The undo bgp instance command disables BGP.
By default, the BGP is disabled.
检索到的def
This command creates the BGP protocol instance and BGP configuration context. BGP is administratively enabled upon creation.
检索到的def
This command instructs the BGP decision process to ignore the difference between EBGP and IBGP routes in selecting the best path and eligible multipaths (if multipath and ECMP are enabled). The result is a form of EIBGP load-balancing in a multipath scenario.
检索到的def
This command disables the delay (Minimum Route Advertisement) on sending BGP withdrawals. Normal route withdrawals may be delayed up to the minimum route advertisement to allow for efficient packing of BGP updates.
检索到的def
This command enables the advertising of inactive BGP routes to other BGP peers. By default, BGP only advertises BGP routes to other BGP peers if a given BGP route is chosen by the route table manager as the most preferred route within the system and is active in the forwarding plane. This command allows system administrators to advertise a BGP route even though it is not the most preferred route within the system for a given destination.
检索到的def
This command enables or disables entropy label capability (ELC) on BGP tunnels.
匹配的cli
display bgp instance <bgpName> error discard
查询的def
The display bgp instance error discard command displays BGP errors.
检索到的def
This command specifies whether updated BGP error handling procedures should be applied.
检索到的def
This command configures BGP fast external failover.
检索到的def
This command configures BGP to advertise (at session OPEN) the capability to receive label IPv4, VPN IPv4 routes, or IPv6 next hops from the peers. These peers should not send such routes unless they receive notification of this capability. If the SR OS router receives a label IPv4 or VPN IPv4 route from a peer to which it did not advertise the necessary capability, the UPDATE message will be considered malformed and this will cause either session reset ortreat-as-withdrawbehavior depending on the error handling settings.
检索到的def
This command configures the BGP connect retry timer value in seconds.
检索到的def
This command disables the delay (Minimum Route Advertisement) on sending BGP withdrawals. Normal route withdrawals may be delayed up to the minimum route advertisement to allow for efficient packing of BGP updates.
匹配的cli
display bgp resource
查询的def
The display bgp resource command displays statistics about BGP specification information.
检索到的def
This command enables the import of link-state information into the BGP-LS address family for advertisement to other BGP neighbors.
检索到的def
This command specifies the router ID to be used with this BGP instance.
检索到的def
This command enables or disables entropy label capability (ELC) on BGP tunnels.
检索到的def
This command configures the BGP hold time, expressed in seconds.
检索到的def
This command enables local route reporting to the BMP monitoring station.
匹配的cli
display bgp troubleshooting
查询的def
The display bgp troubleshooting command displays the cause of BGP peer relationship disconnection or flapping.
检索到的def
When this command is present, the graceful restart capability sent by this router indicates support for NOTIFICATION messages. If the peer also supports this capability then the session can be restarted gracefully (while preserving forwarding) if either peer needs to sends a NOTIFICATION message due to some type of event or error.
检索到的def
This command configures BGP to advertise (at session OPEN) the capability to receive label IPv4, VPN IPv4 routes, or IPv6 next hops from the peers. These peers should not send such routes unless they receive notification of this capability. If the SR OS router receives a label IPv4 or VPN IPv4 route from a peer to which it did not advertise the necessary capability, the UPDATE message will be considered malformed and this will cause either session reset ortreat-as-withdrawbehavior depending on the error handling settings.
检索到的def
This command configures how the BGP peer session handles loop detection in the AS path.
检索到的def
This command specifies whether updated BGP error handling procedures should be applied.
检索到的def
This command creates a context to configure a BGP peer group.
匹配的cli
reset bgp instance <instance-name> vpnv4 { <as-number> | <ipv4-address> | external | internal | group <group-name> }
查询的def
The reset bgp instance vpnv4 command resets specified BGP connections.
检索到的def
This command causes the base instance BGP import route policies to be applied to vpn-ipv4/6, mvpn-ipv4/6, l2-vpn, mdt-safi, mcast-vpn-ipv4, and evpn routes.
检索到的def
This command creates the BGP protocol instance and BGP configuration context. BGP is administratively enabled upon creation.
检索到的def
This command causes the base instance BGP export route policies to be applied to vpn-ipv4/6, mvpn-ipv4/6, l2-vpn, mdt-safi, mcast-vpn-ipv4, and evpn routes.
检索到的def
This command configures BGP to advertise (at session OPEN) the capability to receive label IPv4, VPN IPv4 routes, or IPv6 next hops from the peers. These peers should not send such routes unless they receive notification of this capability. If the SR OS router receives a label IPv4 or VPN IPv4 route from a peer to which it did not advertise the necessary capability, the UPDATE message will be considered malformed and this will cause either session reset ortreat-as-withdrawbehavior depending on the error handling settings.
检索到的def
This command configures the BGP connect retry timer value in seconds.
原cli:
ipv4-family vpn-instance vpna
匹配的cli
ipv4-family vpn-instance <vpn-instance-name>
undo ipv4-family vpn-instance <vpn-instance-name>
查询的def
The ipv4-family vpn-instance command enables the BGP-VPN instance address family and displays the address family view.
The undo ipv4-family vpn-instance command deletes the configurations in the BGP-VPN instance address family.
By default, the BGP-IPv4 unicast address family view is displayed.
检索到的def
This command causes the base instance BGP import route policies to be applied to vpn-ipv4/6, mvpn-ipv4/6, l2-vpn, mdt-safi, mcast-vpn-ipv4, and evpn routes.
检索到的def
This command specifies the primary IP address of a reference location used for BGP optimal route reflection. Up to three IPv4 addresses and three IPv6 addresses can be specified per location.
检索到的def
This command configures BGP to advertise routes to members of a group or to a specific neighbor using a local address of the BGP instance as the BGP next-hop address. Note thatnext-hop-selfis set without exception, regardless of the route source (EBGP or IBGP) or its family. When used with VPN-IPv4 and VPN-IPv6 routes theenable-rr-vpn-forwardingcommand should also be configured.
检索到的def
This command specifies the primary IPv6 address of a reference location used for BGP optimal route reflection. Up to three IPv4 addresses and three IPv6 addresses can be specified per location.
检索到的def
This command causes the base instance BGP export route policies to be applied to vpn-ipv4/6, mvpn-ipv4/6, l2-vpn, mdt-safi, mcast-vpn-ipv4, and evpn routes.
匹配的cli
ipv4-family vpn-instance <vpn-instance-name>
undo ipv4-family vpn-instance <vpn-instance-name>
查询的def
The ipv4-family vpn-instance command enables the BGP-VPN instance address family and displays the address family view.
The undo ipv4-family vpn-instance command deletes the configurations in the BGP-VPN instance address family.
By default, the BGP-IPv4 unicast address family view is displayed.
检索到的def
This command causes the base instance BGP import route policies to be applied to vpn-ipv4/6, mvpn-ipv4/6, l2-vpn, mdt-safi, mcast-vpn-ipv4, and evpn routes.
检索到的def
This command specifies the primary IP address of a reference location used for BGP optimal route reflection. Up to three IPv4 addresses and three IPv6 addresses can be specified per location.
检索到的def
This command configures BGP to advertise routes to members of a group or to a specific neighbor using a local address of the BGP instance as the BGP next-hop address. Note thatnext-hop-selfis set without exception, regardless of the route source (EBGP or IBGP) or its family. When used with VPN-IPv4 and VPN-IPv6 routes theenable-rr-vpn-forwardingcommand should also be configured.
检索到的def
This command specifies the primary IPv6 address of a reference location used for BGP optimal route reflection. Up to three IPv4 addresses and three IPv6 addresses can be specified per location.
检索到的def
This command causes the base instance BGP export route policies to be applied to vpn-ipv4/6, mvpn-ipv4/6, l2-vpn, mdt-safi, mcast-vpn-ipv4, and evpn routes.
匹配的cli
ipv6-family vpn-instance <vpn-instance-name>
undo ipv6-family vpn-instance <vpn-instance-name>
查询的def
The ipv6-family vpn-instance command enables and enters the BGP VPN instance IPv6 address family view.
The undo ipv6-family vpn-instance command disables the BGP VPN instance IPv6 address family view and deletes the configurations in the view.
By default, the IPv6 address family view of BGP is disabled.
检索到的def
This command applies to a BGP session established on top of IPv6; transport, BGP routes belonging to the specified families can be advertised with a true IPv6 address when originated or whennext-hop-self(configured or automatic) is applied.
检索到的def
This command creates the BGP protocol instance and BGP configuration context. BGP is administratively enabled upon creation.
检索到的def
This command causes the base instance BGP import route policies to be applied to vpn-ipv4/6, mvpn-ipv4/6, l2-vpn, mdt-safi, mcast-vpn-ipv4, and evpn routes.
检索到的def
This command enables and disables BGP rapid update for specified address families.
检索到的def
This command specifies the primary IPv6 address of a reference location used for BGP optimal route reflection. Up to three IPv4 addresses and three IPv6 addresses can be specified per location.
匹配的cli
ipv4-labeled-unicast vpn-instance <vpn-instance-name>
undo ipv4-labeled-unicast vpn-instance <vpn-instance-name>
查询的def
The ipv4-labeled-unicast vpn-instance command enables a BGP-labeled-VPN instance IPv4 address family and displays the BGP-labeled-VPN instance IPv4 address family view.
The undo ipv4-labeled-unicast vpn-instance command deletes all the configurations in the BGP-labeled-VPN instance IPv4 address family view.
By default, the BGP-IPv4 unicast address family view is displayed.
检索到的def
This command enables the context to configure options for the next-hop resolution of BGP labeled routes (VPN-IP and labeled-unicast) using tunnels in TTM. The context allows the selection of different tunnel resolution options for different types of BGP labeled routes: label-unicast IPv4, label-unicast IPv6, and VPN-IP routes (both VPN-IPv4 and VPN-IPv6).
检索到的def
This command configures BGP to advertise (at session OPEN) the capability to receive label IPv4, VPN IPv4 routes, or IPv6 next hops from the peers. These peers should not send such routes unless they receive notification of this capability. If the SR OS router receives a label IPv4 or VPN IPv4 route from a peer to which it did not advertise the necessary capability, the UPDATE message will be considered malformed and this will cause either session reset ortreat-as-withdrawbehavior depending on the error handling settings.
检索到的def
This command configures the add-paths capability for labeled-unicast IPv4 routes. By default, add-paths is not enabled for labeled-unicast IPv4 routes.
检索到的def
This command selects BGP tunneling for next-hop resolution and specifies the IPv4 tunnels created by receiving BGP label-unicast IPv4 routes for /32.IPv4 prefixes
检索到的def
This command causes the base instance BGP import route policies to be applied to vpn-ipv4/6, mvpn-ipv4/6, l2-vpn, mdt-safi, mcast-vpn-ipv4, and evpn routes.
匹配的cli
ipv4-family vpnv4-multicast
undo ipv4-family vpnv4-multicast
查询的def
The ipv4-family vpnv4-multicast command creates end enters the BGP-VPNv4-Multicast address family view.
The undo ipv4-family vpnv4-multicast command deletes the configurations in the BGP-VPNv4-Multicast address family.
By default, the BGP-IPv4 unicast address family view is displayed.
检索到的def
This command configures the add-paths capability for multicast VPN IPv4 routes. By default, add-paths is not enabled for multicast VPN IPv4 routes.
检索到的def
This command configures the add-paths capability for multicast IPv4 VPN routes. By default, add-paths is not enabled for multicast IPv4 VPN routes.
检索到的def
This command specifies the primary IP address of a reference location used for BGP optimal route reflection. Up to three IPv4 addresses and three IPv6 addresses can be specified per location.
检索到的def
This command specifies the primary IPv6 address of a reference location used for BGP optimal route reflection. Up to three IPv4 addresses and three IPv6 addresses can be specified per location.
检索到的def
This command specifies the tertiary IP address of a reference location used for BGP optimal route reflection. Up to three IPv4 addresses and three IPv6 addresses can be specified per location.
原cli:
peer 192.168.1.2 orf ip-prefix receive
匹配的cli
display bgp peer <ipv4-address> orf ip-prefix
display bgp peer <ipv6-address> orf ip-prefix
查询的def
The display bgp peer orf ip-prefix command displays the prefix-based Outbound Route Filtering (ORF) learned from a specified peer.
检索到的def
This command instructs the router to negotiate the send capability in the BGP outbound route filtering (ORF) negotiation with a peer.
检索到的def
This command opens the configuration tree for sending or accepting BGP filter lists from peers (outbound route filtering).
检索到的def
This command instructs the router to negotiate the receive capability in the BGP ORF negotiation with a peer, and to accept filters that the peer wishes to send.
检索到的def
This command selects BGP tunneling for next-hop resolution and specifies the IPv4 tunnels created by receiving BGP label-unicast IPv4 routes for /32.IPv4 prefixes
检索到的def
This command configures BGP to advertise (at session OPEN) the capability to receive label IPv4, VPN IPv4 routes, or IPv6 next hops from the peers. These peers should not send such routes unless they receive notification of this capability. If the SR OS router receives a label IPv4 or VPN IPv4 route from a peer to which it did not advertise the necessary capability, the UPDATE message will be considered malformed and this will cause either session reset ortreat-as-withdrawbehavior depending on the error handling settings.
匹配的cli
peer <peerIpv6Addr> capability-advertise orf ip-prefix { both | receive | send }
peer <peerIpv6Addr> capability-advertise orf non-standard-compatible ip-prefix { both | receive | send }
undo peer <peerIpv6Addr> capability-advertise orf ip-prefix { both | receive | send }
undo peer <peerIpv6Addr> capability-advertise orf non-standard-compatible ip-prefix { both | receive | send }
查询的def
The peer capability-advertise orf ip-prefix command configures a BGP device to advertise the prefix-based ORF capability to its peer.
The undo peer capability-advertise orf ip-prefix command cancels the configuration.
By default, a BGP device is not configured to advertise the prefix-based ORF capability to its peer.
检索到的def
This command instructs the router to negotiate the send capability in the BGP outbound route filtering (ORF) negotiation with a peer.
检索到的def
This command configures BGP to advertise (at session OPEN) the capability to receive label IPv4, VPN IPv4 routes, or IPv6 next hops from the peers. These peers should not send such routes unless they receive notification of this capability. If the SR OS router receives a label IPv4 or VPN IPv4 route from a peer to which it did not advertise the necessary capability, the UPDATE message will be considered malformed and this will cause either session reset ortreat-as-withdrawbehavior depending on the error handling settings.
检索到的def
This command enables the advertising of inactive BGP routes to other BGP peers. By default, BGP only advertises BGP routes to other BGP peers if a given BGP route is chosen by the route table manager as the most preferred route within the system and is active in the forwarding plane. This command allows system administrators to advertise a BGP route even though it is not the most preferred route within the system for a given destination.
检索到的def
This command instructs the router to negotiate the receive capability in the BGP ORF negotiation with a peer, and to accept filters that the peer wishes to send.
检索到的def
This command disables capability negotiation. When the command is enabled and after the peering is flapped, any new capabilities are not negotiated and will strictly support IPv4 routing exchanges with that peer.
匹配的cli
peer <group-name> capability-advertise orf ip-prefix { both | receive | send }
peer <group-name> capability-advertise orf non-standard-compatible ip-prefix { both | receive | send }
undo peer <group-name> capability-advertise orf ip-prefix { both | receive | send }
undo peer <group-name> capability-advertise orf non-standard-compatible ip-prefix { both | receive | send }
查询的def
The peer capability-advertise orf ip-prefix command configures a BGP device to advertise the prefix-based ORF capability to its peer group.
The undo peer capability-advertise orf ip-prefix command cancels the configuration.
By default, a BGP device is not configured to advertise the prefix-based ORF capability to its peer group.
检索到的def
This command instructs the router to negotiate the send capability in the BGP outbound route filtering (ORF) negotiation with a peer.
检索到的def
This command configures BGP to advertise (at session OPEN) the capability to receive label IPv4, VPN IPv4 routes, or IPv6 next hops from the peers. These peers should not send such routes unless they receive notification of this capability. If the SR OS router receives a label IPv4 or VPN IPv4 route from a peer to which it did not advertise the necessary capability, the UPDATE message will be considered malformed and this will cause either session reset ortreat-as-withdrawbehavior depending on the error handling settings.
检索到的def
This command enables the advertising of inactive BGP routes to other BGP peers. By default, BGP only advertises BGP routes to other BGP peers if a given BGP route is chosen by the route table manager as the most preferred route within the system and is active in the forwarding plane. This command allows system administrators to advertise a BGP route even though it is not the most preferred route within the system for a given destination.
检索到的def
This command instructs the router to negotiate the receive capability in the BGP ORF negotiation with a peer, and to accept filters that the peer wishes to send.
检索到的def
This command configures BGP to advertise routes to members of a group or to a specific neighbor using a local address of the BGP instance as the BGP next-hop address. Note thatnext-hop-selfis set without exception, regardless of the route source (EBGP or IBGP) or its family. When used with VPN-IPv4 and VPN-IPv6 routes theenable-rr-vpn-forwardingcommand should also be configured.
匹配的cli
peer <ipv4-address> capability-advertise orf ip-prefix { both | receive | send }
peer <ipv4-address> capability-advertise orf non-standard-compatible ip-prefix { both | receive | send }
undo peer <ipv4-address> capability-advertise orf ip-prefix { both | receive | send }
undo peer <ipv4-address> capability-advertise orf non-standard-compatible ip-prefix { both | receive | send }
查询的def
The peer capability-advertise orf ip-prefix command configures a BGP device to advertise the prefix-based ORF capability to its peer.
The undo peer capability-advertise orf ip-prefix command cancels the configuration.
By default, a BGP device is not configured to advertise the prefix-based ORF capability to its peer.
检索到的def
This command instructs the router to negotiate the send capability in the BGP outbound route filtering (ORF) negotiation with a peer.
检索到的def
This command configures BGP to advertise (at session OPEN) the capability to receive label IPv4, VPN IPv4 routes, or IPv6 next hops from the peers. These peers should not send such routes unless they receive notification of this capability. If the SR OS router receives a label IPv4 or VPN IPv4 route from a peer to which it did not advertise the necessary capability, the UPDATE message will be considered malformed and this will cause either session reset ortreat-as-withdrawbehavior depending on the error handling settings.
检索到的def
This command enables the advertising of inactive BGP routes to other BGP peers. By default, BGP only advertises BGP routes to other BGP peers if a given BGP route is chosen by the route table manager as the most preferred route within the system and is active in the forwarding plane. This command allows system administrators to advertise a BGP route even though it is not the most preferred route within the system for a given destination.
检索到的def
This command instructs the router to negotiate the receive capability in the BGP ORF negotiation with a peer, and to accept filters that the peer wishes to send.
检索到的def
This command disables capability negotiation. When the command is enabled and after the peering is flapped, any new capabilities are not negotiated and will strictly support IPv4 routing exchanges with that peer.
匹配的cli
peer <ipv4-address> ip-prefix <ip-prefix-name> import
undo peer <ipv4-address> ip-prefix [ <ip-prefix-name> ] import
查询的def
The peer ip-prefix import command configures a policy based on an IP prefix list for filtering BGP routes received from a specified peer.
The undo peer ip-prefix import command cancels this configuration.
By default, no route filtering policy based on an IP address prefix list is configured for a peer.
检索到的def
This command configures a prefix from which to accept dynamic BGP sessions; particularly, sessions from source IP addresses not matching any configured neighbor addresses. A dynamic session is associated with the group having the longest match prefix entry for the source IP address of the peer. The group association determines local parameters that apply to the session, including the local AS, the local IP address, the peer AS, the MP-BGP families, the import and export policies, and so on.
检索到的def
This command instructs BGP to disregard the resolved distance to the BGP next-hop in its decision process for selecting the best route to a destination. When configured in theconfig>router>bgp>best-path-selectioncontext, this command applies to the comparison of two BGP routes with the same NLRI learned from base router BGP peers. When configured in theconfig>service>vprncontext, this command applies to the comparison of two BGP-VPN routes for the same IP prefix imported into the VPRN from the base router BGP instance. When configured in theconfig>service>vprn>bgp>best-path-selectioncontext, this command applies to the comparison of two BGP routes for the same IP prefix learned from VPRN BGP peers.
检索到的def
This command configures BGP to advertise (at session OPEN) the capability to receive label IPv4, VPN IPv4 routes, or IPv6 next hops from the peers. These peers should not send such routes unless they receive notification of this capability. If the SR OS router receives a label IPv4 or VPN IPv4 route from a peer to which it did not advertise the necessary capability, the UPDATE message will be considered malformed and this will cause either session reset ortreat-as-withdrawbehavior depending on the error handling settings.
检索到的def
When the system sends a VPN-IP Route-Refresh to a peer it sets all the VPN-IP routes received from that peer (in the RIB-IN) to stale and starts the purge-timer. If the routes are not updated (refreshed) before the purge-timer has expired then the routes are removed.
检索到的def
This command is used to specify route policies that control the importation of leak-eligible routes from the BGP RIB of another routing instance into the unlabeled-IPv4, unlabeled-IPv6, or labeled-IPv4 RIB of the base router. To leak a route from one routing instance to another, the origin and destination RIB types must be the same; for example, it is not possible to leak a route from an unlabeled-IPv4 RIB of a VPRN into the labeled-IPv4 RIB of the base router.
input_text
You are an expert assistant in configuring network devices. Based on the user's request and the retrieved content from the router configuration manual below, generate appropriate CLI configuration commands.

---

User Request:  
How to configure a Nokia router to enable BGP ORF negotiation for receiving route filters from a peer?

Retrieved Reference Content (from the configuration manual):  
{
    "PageTitle": "deterministic-med",
    "FuncDef": "This command controls how the BGP decision process compares routes on the basis of MED. Whendeterministic-medis configured, BGP groups paths that are equal up to the MED comparison step based on neighbor AS, and then compares the best path from each group to arrive at the overall best path. This change to the BGP decision process makes best path selection completely deterministic in all cases. Withoutdeterministic-med, the overall best path selection is sometimes dependent on the order of the route arrival because of the rule that MED cannot be compared in routes from different neighbor AS.",
    "CLIs": [
        "deterministic-med",
        "no deterministic-med"
    ],
    "ParentView": [
        "config>router>bgp>best-path-selection"
    ],
    "ParaDef": null,
    "Examples": null,
    "ExtraInfo": "Default: no deterministic-med"
}
{
    "PageTitle": "outbound-route-filtering",
    "FuncDef": "This command opens the configuration tree for sending or accepting BGP filter lists from peers (outbound route filtering).",
    "CLIs": [
        "outbound-route-filtering",
        "no outbound-route-filtering"
    ],
    "ParentView": [
        "config>router>bgp",
        "config>router>bgp>group",
        "config>router>bgp>group>neighbor"
    ],
    "ParaDef": null,
    "Examples": null,
    "ExtraInfo": "Default: no outbound-route-filtering"
}
{
    "PageTitle": "link-state-import-enable",
    "FuncDef": "This command enables the import of link-state information into the BGP-LS address family for advertisement to other BGP neighbors.",
    "CLIs": [
        "link-state-import-enable",
        "no link-state-import-enable"
    ],
    "ParentView": [
        "config>router>bgp"
    ],
    "ParaDef": null,
    "Examples": null,
    "ExtraInfo": "Default: no link-state-import-enable"
}
{
    "PageTitle": "damp-peer-oscillations",
    "FuncDef": "This command controls how long a BGP peer session remains in the idle-state after some type of error causes the session to reset. In the idle state, BGP does not initiate or respond to attempts to establish a new session. Repeated errors that occur a short while after each session reset cause longer and longer hold times in the idle state. This command supports the DampPeerOscillations FSM behavior described in section 8.1 of RFC 4271,A Border Gateway Protocol 4 (BGP-4).",
    "CLIs": [
        "damp-peer-oscillations [ idle-hold-time <initial-wait> <second-wait> <max-wait> ] [ error-interval <minutes> ]"
    ],
    "ParentView": [
        "config>router>bgp",
        "config>router>bgp>group",
        "config>router>bgp>group>neighbor"
    ],
    "ParaDef": [
        {
            "Parameters": "initial-wait",
            "Info": "The amount of time, in minutes, that a session remains in the idle-state after it has been stable for a while. Values-0 to 2048. ParamDefault: Default- 0"
        },
        {
            "Parameters": "second-wait",
            "Info": "A period of time, in minutes, that is doubled after each repeated session failure that occurs within a relatively short span of time. Values-1 to 2048. ParamDefault: Default- 5"
        },
        {
            "Parameters": "max-wait",
            "Info": "The maximum amount of time, in minutes, that a session remains in the idle-state after it has experienced repeated instability. Values-1 to 2048. ParamDefault: Default- 60"
        },
        {
            "Parameters": "minutes",
            "Info": "The interval of time, in minutes after a session reset, during which the session must be error-free in order to reset the penalty counter and return to idle-hold-time to initial-wait. Values-0 to 2048. ParamDefault: Default- 30"
        }
    ],
    "Examples": null,
    "ExtraInfo": "Default: no damp-peer-oscillations"
}
{
    "PageTitle": "loop-detect",
    "FuncDef": "This command configures how the BGP peer session handles loop detection in the AS path.",
    "CLIs": [
        "loop-detect { drop-peer | discard-route | ignore-loop | off }",
        "no loop-detect"
    ],
    "ParentView": [
        "config>router>bgp",
        "config>router>bgp>group",
        "config>router>bgp>group>neighbor"
    ],
    "ParaDef": [
        {
            "Parameters": "drop-peer",
            "Info": "Sends a notification to the remote peer and drops the session."
        },
        {
            "Parameters": "discard-route",
            "Info": "Discards routes received from a peer with the same AS number as the router itself. This option prevents routes looped back to the router from being added to the routing information base and consuming memory. When this option is changed, the change will not be active for an established peer until the connection is re-established for the peer."
        },
        {
            "Parameters": "ignore-loop",
            "Info": "Ignores routes with loops in the AS path but maintains peering."
        },
        {
            "Parameters": "off",
            "Info": "Disables loop detection."
        }
    ],
    "Examples": null,
    "ExtraInfo": "Default: loop-detect ignore-loop"
}
{
    "PageTitle": "tertiary-ipv6-address",
    "FuncDef": "This command specifies the tertiary IPv6 address of a reference location used for BGP optimal route reflection. Up to three IPv4 addresses and three IPv6 addresses can be specified per location.",
    "CLIs": [
        "tertiary-ipv6-address <ipv6-address>",
        "no tertiary-ipv6-address"
    ],
    "ParentView": [
        "config>router>bgp>orr>location"
    ],
    "ParaDef": [
        {
            "Parameters": "ipv6-address",
            "Info": "Specifies the tertiary IPv6 address of a location. Values-ipv6-address:."
        }
    ],
    "Examples": null,
    "ExtraInfo": "Default: no tertiary-ipv6-address"
}
{
    "PageTitle": "disable-capability-negotiation",
    "FuncDef": "This command disables capability negotiation. When the command is enabled and after the peering is flapped, any new capabilities are not negotiated and will strictly support IPv4 routing exchanges with that peer.",
    "CLIs": [
        "disable-capability-negotiation",
        "no disable-capability-negotiation"
    ],
    "ParentView": [
        "config>router>bgp>group",
        "config>router>bgp>group>neighbor"
    ],
    "ParaDef": null,
    "Examples": null,
    "ExtraInfo": "Default: no disable-capability-negotiation"
}
{
    "PageTitle": "override-tunnel-elc",
    "FuncDef": "This command enables or disables entropy label capability (ELC) on BGP tunnels.",
    "CLIs": [
        "override-tunnel-elc",
        "no override-tunnel-elc"
    ],
    "ParentView": [
        "config>router>bgp"
    ],
    "ParaDef": null,
    "Examples": null,
    "ExtraInfo": "Default: no override-tunnel-elc"
}
{
    "PageTitle": "rapid-update",
    "FuncDef": "This command enables and disables BGP rapid update for specified address families.",
    "CLIs": [
        "rapid-update [ l2-vpn ] [ mvpn-ipv4 ] [ mvpn-ipv6 ] [ mdt-safi ] [ evpn ] [ label-ipv4 ] [ label-ipv6 ] [ vpn-ipv4 ] [ vpn-ipv6 ] [ mcast-vpn-ipv4 ] [ mcast-vpn-ipv6 ]",
        "no rapid-update"
    ],
    "ParentView": [
        "config>router>bgp"
    ],
    "ParaDef": [
        {
            "Parameters": "l2-vpn",
            "Info": "Specifies the BGP rapid update for the 12-byte Virtual Switch Instance identifier (VSI-ID) value consisting of the 8-byte route distinguisher (RD) followed by a 4-byte value."
        },
        {
            "Parameters": "mvpn-ipv4",
            "Info": "Specifies BGP rapid update for the mvpn-ipv4 address family. The mvpn-pv4 address is a variable size value consisting of the 1-byte route type, 1-byte length and variable size that is route type specific. Route type defines encoding for the route type specific field. Length indicates the length in octets of the route type specific field."
        },
        {
            "Parameters": "mdt-safi",
            "Info": "Specifies BGP rapid update for the mdt-safi address family. The address is a 16-byte value consisting of 12-byte route distinguisher (RD) followed by a 4-byte group address."
        },
        {
            "Parameters": "mvpn-ipv6",
            "Info": "Specifies BGP rapid update for the mvpn-ipv6 address family."
        },
        {
            "Parameters": "evpn",
            "Info": "Specifies BGP rapid update for the evpn address family by including or removing EVPN routes from the set of routes that can trigger rapid update."
        },
        {
            "Parameters": "label-ipv4",
            "Info": "Includes or removes label-ipv4 routes from the set of routes that can trigger rapid update."
        },
        {
            "Parameters": "label-ipv6",
            "Info": "Includes or removes label-ipv6 routes from the set of routes that can trigger rapid update."
        },
        {
            "Parameters": "vpn-ipv4",
            "Info": "Includes or removes vpn-ipv4 routes from the set of routes that can trigger rapid update."
        },
        {
            "Parameters": "vpn-ipv6",
            "Info": "Includes or removes vpn-ipv6 routes from the set of routes that can trigger rapid update."
        },
        {
            "Parameters": "mcast-vpn-ipv4",
            "Info": "Includes or removes mcast-vpn-ipv4 routes from the set of routes that can trigger rapid update."
        },
        {
            "Parameters": "mcast-vpn-ipv6",
            "Info": "Includes or removes mcast-vpn-ipv6 routes from the set of routes that can trigger rapid update."
        }
    ],
    "Examples": null,
    "ExtraInfo": "Default: no rapid-update"
}
{
    "PageTitle": "vpn-ipv6",
    "FuncDef": "This command configures the add-paths capability for VPN-IPv6 routes. By default, add-paths is not enabled for VPN-IPv6 routes.",
    "CLIs": [
        "vpn-ipv6 send <send-limit> receive [ none ]",
        "vpn-ipv6 send <send-limit>",
        "no vpn-ipv6"
    ],
    "ParentView": [
        "config>router>bgp>add-paths",
        "config>router>bgp>group>add-paths",
        "config>router>bgp>group>neighbor>add-paths"
    ],
    "ParaDef": [
        {
            "Parameters": "send-limit",
            "Info": "Specifies the maximum number of paths per VPN-IPv6 NLRI that are allowed to be advertised to add-paths peers (the actual number of advertised routes may be less depending on the next-hop diversity requirement, other configuration options, route policies and/or route advertisement rules). Values-1 to 16, none."
        },
        {
            "Parameters": "receive",
            "Info": "Specifies that the router negotiates the add-paths receive capability for VPN-IPv6 routes with its peers."
        },
        {
            "Parameters": "none",
            "Info": "Specifies that the router does not negotiate the add-paths receive capability for VPN-IPv6 routes with its peers."
        }
    ],
    "Examples": null,
    "ExtraInfo": "Default: no vpn-ipv6"
}
{
    "PageTitle": "rapid-withdrawal",
    "FuncDef": "This command disables the delay (Minimum Route Advertisement) on sending BGP withdrawals. Normal route withdrawals may be delayed up to the minimum route advertisement to allow for efficient packing of BGP updates.",
    "CLIs": [
        "rapid-withdrawal",
        "no rapid-withdrawal"
    ],
    "ParentView": [
        "config>router>bgp"
    ],
    "ParaDef": null,
    "Examples": null,
    "ExtraInfo": "Default: no rapid-withdrawal"
}
{
    "PageTitle": "allow-static",
    "FuncDef": "This command allows the BGP next-hop of label-IPv4, label-IPv6, VPN-IPv4, and VPN-IPv6 routes received from any EBGP or IBGP peer to be resolved using static routes, except for static default routes (0/0 and ::/0).",
    "CLIs": [
        "allow-static",
        "no allow-static"
    ],
    "ParentView": [
        "config>router>bgp>next-hop-res>labeled-routes"
    ],
    "ParaDef": null,
    "Examples": null,
    "ExtraInfo": "Default: no allow-static"
}
{
    "PageTitle": "primary-ipv6-address",
    "FuncDef": "This command specifies the primary IPv6 address of a reference location used for BGP optimal route reflection. Up to three IPv4 addresses and three IPv6 addresses can be specified per location.",
    "CLIs": [
        "primary-ipv6-address <ipv6-address>",
        "no primary-ipv6-address"
    ],
    "ParentView": [
        "config>router>bgp>orr>location"
    ],
    "ParaDef": [
        {
            "Parameters": "ipv6-address",
            "Info": "Specifies the primary IPv6 address of a location expressed in dotted decimal notation. Values-ipv6-address:."
        }
    ],
    "Examples": null,
    "ExtraInfo": "Default: no primary-ipv6-address"
}
{
    "PageTitle": "report-local-routes",
    "FuncDef": "This command enables local route reporting to the BMP monitoring station.",
    "CLIs": [
        "report-local-routes",
        "no report-local-routes"
    ],
    "ParentView": [
        "config>bmp>station"
    ],
    "ParaDef": null,
    "Examples": null,
    "ExtraInfo": ""
}
{
    "PageTitle": "tertiary-ip-address",
    "FuncDef": "This command specifies the tertiary IP address of a reference location used for BGP optimal route reflection. Up to three IPv4 addresses and three IPv6 addresses can be specified per location.",
    "CLIs": [
        "tertiary-ip-address <ipv4-address>",
        "no tertiary-ip-address"
    ],
    "ParentView": [
        "config>router>bgp>orr>location"
    ],
    "ParaDef": [
        {
            "Parameters": "ipv4-address",
            "Info": "Specifies the tertiary IPv4 address of a location, expressed in dotted decimal notation. Values-a.b.c.d."
        }
    ],
    "Examples": null,
    "ExtraInfo": "Default: no tertiary-ip-address"
}
{
    "PageTitle": "enable-notification",
    "FuncDef": "When this command is present, the graceful restart capability sent by this router indicates support for NOTIFICATION messages. If the peer also supports this capability then the session can be restarted gracefully (while preserving forwarding) if either peer needs to sends a NOTIFICATION message due to some type of event or error.",
    "CLIs": [
        "enable-notification",
        "no enable-notification"
    ],
    "ParentView": [
        "config>router>bgp>graceful-restart",
        "config>router>bgp>group>graceful-restart",
        "config>router>bgp>group>neighbor>graceful-restart"
    ],
    "ParaDef": null,
    "Examples": null,
    "ExtraInfo": "Default: no enable-notification"
}
{
    "PageTitle": "bgp",
    "FuncDef": "This command creates the BGP protocol instance and BGP configuration context. BGP is administratively enabled upon creation.",
    "CLIs": [
        "bgp",
        "no bgp"
    ],
    "ParentView": [
        "config>router"
    ],
    "ParaDef": null,
    "Examples": null,
    "ExtraInfo": ""
}
{
    "PageTitle": "enforce-first-as",
    "FuncDef": "When this command is configured so that it applies to an EBGP session, all routes (belonging to all address families) that are received from the EBGP peer are checked to ensure that the most recent autonomous system number (ASN) in the AS_PATH attribute of each route matches the configuredpeer-asof the session; if it does not match, then either the session is reset (ifupdate-fault-toleranceis not enabled) or the session is left up but the route is treated as withdrawn (ifupdate-fault-toleranceis enabled).",
    "CLIs": [
        "enforce-first-as"
    ],
    "ParentView": [
        "config>router>bgp",
        "config>router>bgp>group",
        "config>router>bgp>group>neighbor"
    ],
    "ParaDef": null,
    "Examples": null,
    "ExtraInfo": ""
}
{
    "PageTitle": "error-handling",
    "FuncDef": "This command specifies whether updated BGP error handling procedures should be applied.",
    "CLIs": [
        "error-handling"
    ],
    "ParentView": [
        "config>router>bgp",
        "config>router>bgp>group",
        "config>router>bgp>group>neighbor"
    ],
    "ParaDef": null,
    "Examples": null,
    "ExtraInfo": ""
}
{
    "PageTitle": "vpn-ipv4",
    "FuncDef": "This command configures the add-paths capability for VPN-IPv4 routes. By default, add-paths is not enabled for VPN-IPv4 routes.",
    "CLIs": [
        "vpn-ipv4 send <send-limit> receive [ none ]",
        "vpn-ipv4 send <send-limit>",
        "no vpn-ipv4"
    ],
    "ParentView": [
        "config>router>bgp>add-paths",
        "config>router>bgp>group>add-paths",
        "config>router>bgp>group>neighbor>add-paths"
    ],
    "ParaDef": [
        {
            "Parameters": "send-limit",
            "Info": "Specifies the maximum number of paths per VPN-IPv4 NLRI that are allowed to be advertised to add-paths peers (the actual number of advertised routes may be less depending on the next-hop diversity requirement, other configuration options, route policies and/or route advertisement rules). Values-1 to 16, none."
        },
        {
            "Parameters": "receive",
            "Info": "Specifies that the router negotiates the add-paths receive capability for VPN-IPv4 routes with its peers."
        },
        {
            "Parameters": "none",
            "Info": "Specifies that the router does not negotiate the Add-Paths receive capability for VPN-IPv4 routes with its peers."
        }
    ],
    "Examples": null,
    "ExtraInfo": "Default: no vpn-ipv4"
}
{
    "PageTitle": "hold-time",
    "FuncDef": "This command configures the BGP hold time, expressed in seconds.",
    "CLIs": [
        "hold-time <seconds> [ min <seconds> ]",
        "no hold-time"
    ],
    "ParentView": [
        "config>router>bgp",
        "config>router>bgp>group",
        "config>router>bgp>group>neighbor"
    ],
    "ParaDef": [
        {
            "Parameters": "seconds",
            "Info": "Specifies the hold-time, in seconds, expressed as a decimal integer. A value of 0 indicates the connection to the peer is up permanently. Values-0, 3 to 65535."
        },
        {
            "Parameters": "min seconds2",
            "Info": "Specifies the minimum hold-time that will be accepted for the session. If the peer proposes a hold-time lower than this value, the session attempt will be rejected."
        }
    ],
    "Examples": null,
    "ExtraInfo": "Default: hold-time 90"
}
{
    "PageTitle": "label-ipv6",
    "FuncDef": "This command configures the add-paths capability for labeled-unicast IPv6 routes. By default, add-paths is not enabled for labeled-unicast IPv6 routes.",
    "CLIs": [
        "label-ipv6 send <send-limit>",
        "label-ipv6 send <send-limit> receive [ none ]",
        "no label-ipv6"
    ],
    "ParentView": [
        "config>router>bgp>add-paths",
        "config>router>bgp>group>add-paths",
        "config>router>bgp>group>neighbor>add-paths"
    ],
    "ParaDef": [
        {
            "Parameters": "send-limit",
            "Info": "Specifies the maximum number of paths per labeled-unicast IPv6 prefix that are allowed to be advertised to add-paths peers. (The actual number of advertised routes may be less.) If the value is none, the router does not negotiate the send capability with respect to label-IPv6 AFI/SAFI. Values-1 to 16, none."
        },
        {
            "Parameters": "receive",
            "Info": "Specifies that the router negotiates to receive multiple labeled-unicast routes per IPv6 prefix."
        },
        {
            "Parameters": "none",
            "Info": "Specifies that the router does not negotiate to receive multiple labeled-unicast routes per IPv6 prefix."
        }
    ],
    "Examples": null,
    "ExtraInfo": "Default: no label-ipv6"
}
{
    "PageTitle": "sr-ospf3",
    "FuncDef": "This command selects the IPv6 segment routing tunnel type programmed by an OSPFv3 instance in the TTMv6 for next-hop resolution of BGP routes and labeled routes. This option allows BGP to use the segment routing tunnel in the tunnel table submitted by the lowest preference OSPFv3 instance or, in case of a tie, the lowest-numbered OSPFv3 instance.",
    "CLIs": [
        "sr-ospf3",
        "no sr-ospf3"
    ],
    "ParentView": [
        "config>router>bgp>next-hop-resolution>shortcut-tunn>family>resolution-filter",
        "config>router>bgp>next-hop-resolution>labeled-routes>transport-tunnel>family>resolution-filter"
    ],
    "ParaDef": null,
    "Examples": null,
    "ExtraInfo": ""
}
{
    "PageTitle": "accept-orf",
    "FuncDef": "This command instructs the router to negotiate the receive capability in the BGP ORF negotiation with a peer, and to accept filters that the peer wishes to send.",
    "CLIs": [
        "accept-orf",
        "no accept-orf"
    ],
    "ParentView": [
        "config>router>bgp>outbound-route-filtering>extended-community",
        "config>router>bgp>group>outbound-route-filtering>extended-community",
        "config>router>bgp>group>neighbor>outbound-route-filtering>extended-community"
    ],
    "ParaDef": null,
    "Examples": null,
    "ExtraInfo": "Default: no accept-orf"
}
{
    "PageTitle": "local-address",
    "FuncDef": "This command configures the local IP address used by the local router when communicating with the BMP monitoring station. This configuration is optional.",
    "CLIs": [
        "local-address { <ip-address> | <ipv6-address> }",
        "no local-address"
    ],
    "ParentView": [
        "config>bmp>station>connection"
    ],
    "ParaDef": [
        {
            "Parameters": "ip-address",
            "Info": "Specifies the local address expressed in dotted decimal notation. Allowed value is a valid routable IP address on the router, either an interface or system IP address. Values-ipv4-address:."
        },
        {
            "Parameters": "ipv6-address",
            "Info": "Specifies the local address expressed in dotted decimal notation. Allowed value is a valid routable IPv6 address on the router, either an interface or system IPv6 address. Values-ipv6-address:."
        }
    ],
    "Examples": null,
    "ExtraInfo": "Default: local-address ip-address (system IP address)"
}
{
    "PageTitle": "ebgp-ibgp-equal",
    "FuncDef": "This command instructs the BGP decision process to ignore the difference between EBGP and IBGP routes in selecting the best path and eligible multipaths (if multipath and ECMP are enabled). The result is a form of EIBGP load-balancing in a multipath scenario.",
    "CLIs": [
        "ebgp-ibgp-equal [ ipv4 ] [ ipv6 ] [ label-ipv4 ] [ label-ipv6 ] [ vpn-ipv4 ] [ vpn-ipv6 ]",
        "no ebgp-ibgp-equal"
    ],
    "ParentView": [
        "config>router>bgp>best-path-selection"
    ],
    "ParaDef": [
        {
            "Parameters": "ipv4",
            "Info": "Specifies that the command should be applied to unlabeled unicast IPv4 routes."
        },
        {
            "Parameters": "ipv6",
            "Info": "Specifies that the command should be applied to unlabeled unicast IPv6 routes."
        },
        {
            "Parameters": "label-ipv4",
            "Info": "Specifies that the command should be applied to labeled unicast IPv4 routes."
        },
        {
            "Parameters": "label-ipv6",
            "Info": "Specifies that the command should be applied to labeled unicast IPv6 routes."
        },
        {
            "Parameters": "vpn-ipv4",
            "Info": "Specifies that the command should be applied to IPv4 VPN routes."
        },
        {
            "Parameters": "vpn-ipv6",
            "Info": "Specifies that the command should be applied to IPv6 VPN routes."
        }
    ],
    "Examples": null,
    "ExtraInfo": "Default: no ebgp-ibgp-equal"
}
{
    "PageTitle": "mvpn-ipv4",
    "FuncDef": "This command configures the add-paths capability for multicast VPN IPv4 routes. By default, add-paths is not enabled for multicast VPN IPv4 routes.",
    "CLIs": [
        "mvpn-ipv4 send <send-limit> receive [ none ]",
        "mvpn-ipv4 send <send-limit>",
        "no mvpn-ipv4"
    ],
    "ParentView": [
        "config>router>bgp>add-paths",
        "config>router>bgp>group>add-paths",
        "config>router>bgp>group>neighbor>add-paths"
    ],
    "ParaDef": [
        {
            "Parameters": "send-limit",
            "Info": "Specifies the maximum number of paths per multicast VPN IPv4 prefix that are allowed to be advertised to add-paths peers. The actual number of advertised routes may be less. If the value is none, the router does not negotiate the send capability with respect to multicast VPN IPv4 AFI/SAFI. ParamDefault: Default- 1 to 16, none"
        },
        {
            "Parameters": "receive",
            "Info": "Specifies that the router negotiates to receive multiple multicast VPN routes per IPv4 prefix."
        },
        {
            "Parameters": "none",
            "Info": "Specifies that the router does not negotiate to receive multiple multicast VPN routes per IPv4 prefix."
        }
    ],
    "Examples": null,
    "ExtraInfo": "Default: no mvpn-ipv4"
}
{
    "PageTitle": "enable-peer-tracking",
    "FuncDef": "This command enables BGP peer tracking. BGP peer tracking allows a BGP peer to be dropped immediately if the route used to resolve the BGP peer address is removed from the IP routing table and there is no alternative available. The BGP peer will not wait for the holdtimer to expire; therefore, the BGP re-convergence process is accelerated.",
    "CLIs": [
        "enable-peer-tracking",
        "no enable-peer-tracking"
    ],
    "ParentView": [
        "config>router>bgp",
        "config>router>bgp>group",
        "config>router>bgp>group>neighbor"
    ],
    "ParaDef": null,
    "Examples": null,
    "ExtraInfo": "Default: no enable-peer-tracking"
}
{
    "PageTitle": "extended-nh-encoding",
    "FuncDef": "This command configures BGP to advertise (at session OPEN) the capability to receive label IPv4, VPN IPv4 routes, or IPv6 next hops from the peers. These peers should not send such routes unless they receive notification of this capability. If the SR OS router receives a label IPv4 or VPN IPv4 route from a peer to which it did not advertise the necessary capability, the UPDATE message will be considered malformed and this will cause either session reset ortreat-as-withdrawbehavior depending on the error handling settings.",
    "CLIs": [
        "extended-nh-encoding [ label-ipv4 ] [ vpn-ipv4 ]",
        "no extended-nh-encoding"
    ],
    "ParentView": [
        "config>router>bgp",
        "config>router>bgp>group",
        "config>router>bgp>group>neighbor"
    ],
    "ParaDef": [
        {
            "Parameters": "label-ipv4",
            "Info": "Instructs BGP to advertise an extended NH encoding capability for NLRI AFI=1, NLRI SAFI=4, and next-hop AFI=2."
        },
        {
            "Parameters": "vpn-ipv4",
            "Info": "Instructs BGP to advertise an extended NH encoding capability for NLRI AFI=1, NLRI SAFI=128, and next-hop AFI=2."
        }
    ],
    "Examples": null,
    "ExtraInfo": "Default: no extended-nh-encoding"
}
{
    "PageTitle": "router-id",
    "FuncDef": "This command specifies the router ID to be used with this BGP instance.",
    "CLIs": [
        "router-id <ip-address>",
        "no router-id"
    ],
    "ParentView": [
        "config>router>bgp"
    ],
    "ParaDef": [
        {
            "Parameters": "ip-address",
            "Info": "Specifies the router ID, expressed as any non-zero value in the range 0.0.0.1 to 255.255.255.255 (or when converted to decimal it can have any value in the range 1-4294967295). It is recommended to use the system IPv4 address."
        }
    ],
    "Examples": null,
    "ExtraInfo": "Default: no router-id"
}
{
    "PageTitle": "connect-retry",
    "FuncDef": "This command configures the BGP connect retry timer value in seconds.",
    "CLIs": [
        "connect-retry <seconds>",
        "no connect-retry"
    ],
    "ParentView": [
        "config>router>bgp",
        "config>router>bgp>group",
        "config>router>bgp>group>neighbor"
    ],
    "ParaDef": [
        {
            "Parameters": "seconds",
            "Info": "The BGP Connect Retry timer value in seconds expressed as a decimal integer. Values-1 to 65535."
        }
    ],
    "Examples": null,
    "ExtraInfo": "Default: connect-retry 120"
}
{
    "PageTitle": "mcast-vpn-ipv4",
    "FuncDef": "This command configures the add-paths capability for multicast IPv4 VPN routes. By default, add-paths is not enabled for multicast IPv4 VPN routes.",
    "CLIs": [
        "mcast-vpn-ipv4 send <send-limit> receive [ none ]",
        "mcast-vpn-ipv4 send <send-limit>",
        "no mcast-vpn-ipv4"
    ],
    "ParentView": [
        "config>router>bgp>add-paths",
        "config>router>bgp>group>add-paths",
        "config>router>bgp>group>neighbor>add-paths"
    ],
    "ParaDef": [
        {
            "Parameters": "send-limit",
            "Info": "Specifies the maximum number of paths per multicast IPv4 VPN prefix that are allowed to be advertised to add-paths peers. The actual number of advertised routes may be less. If the value is none, the router does not negotiate the send capability with respect to multicast IPv4 VPN AFI/SAFI. Values-1 to 16, none."
        },
        {
            "Parameters": "receive",
            "Info": "Specifies that the router negotiates to receive multiple multicast routes per IPv4 VPN prefix."
        },
        {
            "Parameters": "none",
            "Info": "Specifies that the router does not negotiate to receive multiple multicast routes per IPv4 VPN prefix."
        }
    ],
    "Examples": null,
    "ExtraInfo": "Default: no mcast-vpn-ipv4"
}
{
    "PageTitle": "purge-timer",
    "FuncDef": "When the system sends a VPN-IP Route-Refresh to a peer it sets all the VPN-IP routes received from that peer (in the RIB-IN) to stale and starts the purge-timer. If the routes are not updated (refreshed) before the purge-timer has expired then the routes are removed.",
    "CLIs": [
        "purge-timer <minutes>",
        "no purge-timer"
    ],
    "ParentView": [
        "config>router>bgp"
    ],
    "ParaDef": [
        {
            "Parameters": "minutes",
            "Info": "Specifies the maximum time before stale routes are purged. Values-1 to 60."
        }
    ],
    "Examples": null,
    "ExtraInfo": "Default: purge-timer 10"
}
{
    "PageTitle": "use-bgp-routes",
    "FuncDef": "This command specifies whether to use BGP routes to recursively resolve the BGP next-hop of unlabeled IPv4 and unlabeled IPv6 routes. Up to four levels of recursion are supported.",
    "CLIs": [
        "use-bgp-routes",
        "no use-bgp-routes"
    ],
    "ParentView": [
        "config>router>bgp>next-hop-res"
    ],
    "ParaDef": null,
    "Examples": null,
    "ExtraInfo": "Default: no use-bgp-routes"
}
{
    "PageTitle": "vpn-apply-export",
    "FuncDef": "This command causes the base instance BGP export route policies to be applied to vpn-ipv4/6, mvpn-ipv4/6, l2-vpn, mdt-safi, mcast-vpn-ipv4, and evpn routes.",
    "CLIs": [
        "vpn-apply-export",
        "no vpn-apply-export"
    ],
    "ParentView": [
        "config>router>bgp",
        "config>router>bgp>group",
        "config>router>bgp>group>neighbor"
    ],
    "ParaDef": null,
    "Examples": null,
    "ExtraInfo": "Default: no vpn-apply-export"
}
{
    "PageTitle": "send-orf",
    "FuncDef": "This command instructs the router to negotiate the send capability in the BGP outbound route filtering (ORF) negotiation with a peer.",
    "CLIs": [
        "send-orf [ <comm-id> ]",
        "no send-orf [ <comm-id> ]"
    ],
    "ParentView": [
        "config>router>bgp>outbound-route-filtering>extended-community",
        "config>router>bgp>group>outbound-route-filtering>extended-community",
        "config>router>bgp>group>neighbor>outbound-route-filtering>extended-community"
    ],
    "ParaDef": [
        {
            "Parameters": "comm-id",
            "Info": "Specifies up to 32 community policies, which must consist exclusively of route target extended communities. If it is not specified, then the ORF policy is automatically generated from configured route target lists, accepted client route target ORFs and locally configured route targets. Values-[target: {ip-address:comm-val | 2byte-asnumber:ext-comm-val | 4byte-asnumber:comm-val}."
        }
    ],
    "Examples": null,
    "ExtraInfo": "Default: no send-orf"
}
{
    "PageTitle": "always-compare-med",
    "FuncDef": "This command configures the comparison of BGP routes based on the MED attribute. The default behavior of SR-OS (equivalent to thenoform of the command) is to only compare two routes on the basis of MED if they have the same neighbor AS (the first non-confed AS in the received AS_PATH attribute). Also by default, a route without a MED attribute is handled the same as though it had a MED attribute with the value 0. Thealways-compare-medcommand without thestrict-askeyword allows MED to be compared even if the paths have a different neighbor AS; in this case, if neitherzeroorinfinityis specified, thezerooption is inferred, meaning a route without a MED is handled the same as though it had a MED attribute with the value 0. When thestrict-askeyword is present, MED is only compared between paths from the same neighbor AS,\nand in this case,zeroorinfinityis mandatory and tells BGP how to interpret paths without a MED attribute.",
    "CLIs": [
        "always-compare-med { zero | infinity }",
        "no always-compare-med strict-as { zero | infinity }",
        "no always-compare-med"
    ],
    "ParentView": [
        "config>router>bgp>best-path-selection",
        "config>service>vprn>bgp>best-path-selection"
    ],
    "ParaDef": [
        {
            "Parameters": "zero",
            "Info": "Specifies that for routes learned without a MED attribute that a zero (0) value is used in the MED comparison. The routes with the lowest metric are the most preferred."
        },
        {
            "Parameters": "infinity",
            "Info": "Specifies for routes learned without a MED attribute that a value of infinity (2^32-1) is used in the MED comparison. This in effect makes these routes the least desirable."
        },
        {
            "Parameters": "strict-as",
            "Info": "Specifies BGP paths to be compared even with different neighbor AS."
        }
    ],
    "Examples": null,
    "ExtraInfo": "Default: no always-compare-med"
}
{
    "PageTitle": "advertise-ipv6-next-hops",
    "FuncDef": "This command applies to a BGP session established on top of IPv6; transport, BGP routes belonging to the specified families can be advertised with a true IPv6 address when originated or whennext-hop-self(configured or automatic) is applied.",
    "CLIs": [
        "advertise-ipv6-next-hops [ vpn-ipv6 ] [ label-ipv6 ] [ vpn-ipv4 ] [ label-ipv4 ]",
        "no advertise-ipv6-next-hops"
    ],
    "ParentView": [
        "config>router>bgp",
        "config>router>bgp>group",
        "config>router>bgp>group>neighbor"
    ],
    "ParaDef": [
        {
            "Parameters": "vpn-ipv6",
            "Info": "Allows VPN IPv6 routes to be advertised to IPv6 transport peers with an IPv6 address as the BGP next hop in cases of route origination or next-hop-self (configured or automatic)."
        },
        {
            "Parameters": "label-ipv6",
            "Info": "Allows label IPv6 routes to be advertised to IPv6 transport peers with an IPv6 address as the BGP next hop in cases of route origination or next-hop-self (configured or automatic)."
        },
        {
            "Parameters": "vpn-ipv4",
            "Info": "Allows VPN IPv4 routes to be advertised to IPv6 transport peers with an IPv6 address as the BGP next hop in cases of route origination or next-hop-self (configured or automatic). It also allows export policies to change the BGP next hop of a VPN IPv4 route to an IPv6 address. All of these cases require the remote peer to advertise the necessary extended NH encoding capability."
        },
        {
            "Parameters": "label-ipv4",
            "Info": "Allows label IPv4 routes to be advertised to IPv6 transport peers with an IPv6 address as the BGP next hop in cases of route origination or next-hop-self (configured or automatic). It also allows export policies to change the BGP next hop of a label IPv4 route to an IPv6 address. All of these cases require the remote peer to advertise the necessary extended NH encoding capability."
        }
    ],
    "Examples": null,
    "ExtraInfo": "Default: no advertise-ipv6-next-hops"
}
{
    "PageTitle": "prefix",
    "FuncDef": "This command configures a prefix from which to accept dynamic BGP sessions; particularly, sessions from source IP addresses not matching any configured neighbor addresses. A dynamic session is associated with the group having the longest match prefix entry for the source IP address of the peer. The group association determines local parameters that apply to the session, including the local AS, the local IP address, the peer AS, the MP-BGP families, the import and export policies, and so on.",
    "CLIs": [
        "prefix <ip-prefix/prefix-length>",
        "no prefix <ip-prefix/prefix-length>"
    ],
    "ParentView": [
        "config>router>bgp>group>dynamic-neighbor"
    ],
    "ParaDef": [
        {
            "Parameters": "ip-prefix/prefix-length",
            "Info": "Specifies a prefix from which to accept dynamic BGP sessions. Values-ipv4-prefix - a.b.c.d (host bits must be 0)."
        }
    ],
    "Examples": null,
    "ExtraInfo": ""
}
{
    "PageTitle": "prefix-limit",
    "FuncDef": "This command configures the maximum number of BGP routes that can be received from a peer before some administrative action is taken. The administrative action can be the generation of a log event or taking down the session. If a session is taken down, then it can be brought back up automatically after an idle-timeout period, or else it can be configured to stay down ('forever') until the operator performs a reset.",
    "CLIs": [
        "prefix-limit <family> <limit> [ threshold <percentage> ] [ idle-timeout { <minutes> | forever } | log-only ] [ post-import ]",
        "no prefix-limit <family>"
    ],
    "ParentView": [
        "config>router>bgp>group",
        "config>router>bgp>group>neighbor"
    ],
    "ParaDef": [
        {
            "Parameters": "log-only",
            "Info": "Enables the warning message to be sent at the specified threshold percentage, and also when the limit is reached. However, the BGP session is not taken down."
        },
        {
            "Parameters": "percentage",
            "Info": "Specifies the threshold value (as a percentage) that triggers a warning message to be sent. Values-1 to 100."
        },
        {
            "Parameters": "family",
            "Info": "Specifies the address family to which the limit applies. Values-ipv4, label-ipv4, vpn-ipv4, ipv6, label-ipv6, vpn-ipv6, mcast-ipv4, l2-vpn, mvpn-ipv4, mdt-safi, ms-pw, flow-ipv4, route-target, mcast-vpn-ipv4, mvpn-ipv6, flow-ipv6, evpn, mcast-ipv6, bgp-ls."
        },
        {
            "Parameters": "limit",
            "Info": "Specifies the number of routes that can be learned from a peer expressed as a decimal integer. Values-1 to 4294967295."
        },
        {
            "Parameters": "minutes",
            "Info": "Specifies duration in minutes before automatically re-establishing a session. Values-1 to 1024."
        },
        {
            "Parameters": "forever",
            "Info": "Specifies that the session is reestablished only after clear router bgp command is executed."
        },
        {
            "Parameters": "post-import",
            "Info": "Specifies that the limit should be applied only to the number of routes that are accepted by import policies."
        }
    ],
    "Examples": null,
    "ExtraInfo": ""
}
{
    "PageTitle": "bgp",
    "FuncDef": "This command selects BGP tunneling for next-hop resolution and specifies the IPv4 tunnels created by receiving BGP label-unicast IPv4 routes for /32.IPv4 prefixes",
    "CLIs": [
        "bgp",
        "no bgp"
    ],
    "ParentView": [
        "config>router>bgp>next-hop-resolution>shortcut-tunn>family>resolution-filter",
        "config>router>bgp>next-hop-resolution>labeled-routes>transport-tunnel>family>resolution-filter"
    ],
    "ParaDef": null,
    "Examples": null,
    "ExtraInfo": ""
}
{
    "PageTitle": "local-preference",
    "FuncDef": "This command enables setting the BGP local-preference attribute in incoming routes if not specified and configures the default value for the attribute.",
    "CLIs": [
        "local-preference <local-preference>",
        "no local-preference"
    ],
    "ParentView": [
        "config>router>bgp",
        "config>router>bgp>group",
        "config>router>bgp>group>neighbor"
    ],
    "ParaDef": [
        {
            "Parameters": "local-preference",
            "Info": "Specifies the local preference value to be used as the override value expressed as a decimal integer. Values-0 to 4294967295."
        }
    ],
    "Examples": null,
    "ExtraInfo": "Default: no local-preference"
}
{
    "PageTitle": "group",
    "FuncDef": "This command creates a context to configure a BGP peer group.",
    "CLIs": [
        "group <name>",
        "no group <name>"
    ],
    "ParentView": [
        "config>router>bgp"
    ],
    "ParaDef": [
        {
            "Parameters": "name",
            "Info": "Specifies the peer group name. Allowed values are any string up to 32 characters long composed of printable, 7-bit ASCII characters. If the string contains special characters (#, $, spaces, and so on), the entire string must be enclosed within double quotes."
        }
    ],
    "Examples": null,
    "ExtraInfo": "Default: no group"
}
{
    "PageTitle": "next-hop-self",
    "FuncDef": "This command configures BGP to advertise routes to members of a group or to a specific neighbor using a local address of the BGP instance as the BGP next-hop address. Note thatnext-hop-selfis set without exception, regardless of the route source (EBGP or IBGP) or its family. When used with VPN-IPv4 and VPN-IPv6 routes theenable-rr-vpn-forwardingcommand should also be configured.",
    "CLIs": [
        "next-hop-self",
        "no next-hop-self"
    ],
    "ParentView": [
        "config>router>bgp>group",
        "config>router>bgp>group>neighbor"
    ],
    "ParaDef": null,
    "Examples": null,
    "ExtraInfo": "Default: no next-hop-self"
}
{
    "PageTitle": "advertise-inactive",
    "FuncDef": "This command enables the advertising of inactive BGP routes to other BGP peers. By default, BGP only advertises BGP routes to other BGP peers if a given BGP route is chosen by the route table manager as the most preferred route within the system and is active in the forwarding plane. This command allows system administrators to advertise a BGP route even though it is not the most preferred route within the system for a given destination.",
    "CLIs": [
        "advertise-inactive",
        "no advertise-inactive"
    ],
    "ParentView": [
        "config>router>bgp",
        "config>router>bgp>group",
        "config>router>bgp>group>neighbor"
    ],
    "ParaDef": null,
    "Examples": null,
    "ExtraInfo": "Default: no advertise-inactive"
}
{
    "PageTitle": "vpn-apply-import",
    "FuncDef": "This command causes the base instance BGP import route policies to be applied to vpn-ipv4/6, mvpn-ipv4/6, l2-vpn, mdt-safi, mcast-vpn-ipv4, and evpn routes.",
    "CLIs": [
        "vpn-apply-import",
        "no vpn-apply-import"
    ],
    "ParentView": [
        "config>router>bgp",
        "config>router>bgp>group",
        "config>router>bgp>group>neighbor"
    ],
    "ParaDef": null,
    "Examples": null,
    "ExtraInfo": "Default: no vpn-apply-import"
}
{
    "PageTitle": "label-ipv4",
    "FuncDef": "This command configures the add-paths capability for labeled-unicast IPv4 routes. By default, add-paths is not enabled for labeled-unicast IPv4 routes.",
    "CLIs": [
        "label-ipv4 send <send-limit>",
        "label-ipv4 send <send-limit> receive [ none ]",
        "no label-ipv4"
    ],
    "ParentView": [
        "config>router>bgp>add-paths",
        "config>router>bgp>group>add-paths",
        "config>router>bgp>group>neighbor>add-paths"
    ],
    "ParaDef": [
        {
            "Parameters": "send-limit",
            "Info": "Specifies the maximum number of paths per labeled-unicast IPv4 prefix that are allowed to be advertised to add-paths peers. (The actual number of advertised routes may be less.) If the value is none, the router does not negotiate the send capability with respect to label-IPv4 AFI/SAFI. Values-1 to 16, none."
        },
        {
            "Parameters": "receive",
            "Info": "Specifies the router negotiates to receive multiple labeled-unicast routes per IPv4 prefix."
        },
        {
            "Parameters": "none",
            "Info": "Specifies that the router does not negotiate to receive multiple labeled-unicast routes per IPv4 prefix."
        }
    ],
    "Examples": null,
    "ExtraInfo": "Default: no label-ipv4"
}
{
    "PageTitle": "backup-path",
    "FuncDef": "This command enables the computation and use of a backup path for IPv4 and/or IPv6 BGP-learned prefixes belonging to the base router. Multiple paths must be received for a prefix in order to take advantage of this feature. When a prefix has a backup path and its primary paths fail, the affected traffic is rapidly diverted to the backup path without waiting for control plane re-convergence to occur. When many prefixes share the same primary paths, and in some cases also the same backup path, the time to failover traffic to the backup path is independent of the number of prefixes.",
    "CLIs": [
        "backup-path [ ipv4 ] [ ipv6 ] [ label-ipv4 ] [ label-ipv6 ]",
        "no backup-path [ ipv4 ] [ ipv6 ] [ label-ipv4 ] [ label-ipv6 ]"
    ],
    "ParentView": [
        "config>router>bgp"
    ],
    "ParaDef": [
        {
            "Parameters": "ipv4",
            "Info": "Enables BGP fast reroute for unlabeled unicast IPv4 routes."
        },
        {
            "Parameters": "ipv6",
            "Info": "Enables BGP fast reroute for unlabeled unicast IPv6 routes."
        },
        {
            "Parameters": "label-ipv4",
            "Info": "Enables BGP fast reroute for labeled-unicast IPv4 routes."
        },
        {
            "Parameters": "label-ipv6",
            "Info": "Enables BGP fast reroute for labeled-unicast IPv6 routes."
        }
    ],
    "Examples": null,
    "ExtraInfo": "Default: no backup-path"
}
{
    "PageTitle": "disable-fast-external-failover",
    "FuncDef": "This command configures BGP fast external failover.",
    "CLIs": [
        "disable-fast-external-failover",
        "no disable-fast-external-failover"
    ],
    "ParentView": [
        "config>router>bgp",
        "config>router>bgp>group",
        "config>router>bgp>group>neighbor"
    ],
    "ParaDef": null,
    "Examples": null,
    "ExtraInfo": "Default: no disable-fast-external-failover"
}
{
    "PageTitle": "primary-ip-address",
    "FuncDef": "This command specifies the primary IP address of a reference location used for BGP optimal route reflection. Up to three IPv4 addresses and three IPv6 addresses can be specified per location.",
    "CLIs": [
        "primary-ip-address <ipv4-address>",
        "no primary-ip-address"
    ],
    "ParentView": [
        "config>router>bgp>orr>location"
    ],
    "ParaDef": [
        {
            "Parameters": "ipv4-address",
            "Info": "Specifies the primary IPv4 address of a location expressed in dotted decimal notation. Values-a.b.c.d."
        }
    ],
    "Examples": null,
    "ExtraInfo": "Default: no primary-ip-address"
}
{
    "PageTitle": "leak-import",
    "FuncDef": "This command is used to specify route policies that control the importation of leak-eligible routes from the BGP RIB of another routing instance into the unlabeled-IPv4, unlabeled-IPv6, or labeled-IPv4 RIB of the base router. To leak a route from one routing instance to another, the origin and destination RIB types must be the same; for example, it is not possible to leak a route from an unlabeled-IPv4 RIB of a VPRN into the labeled-IPv4 RIB of the base router.",
    "CLIs": [
        "leak-import <plcy-or-long-expr> [ <plcy-or-expr> ]",
        "no leak-import"
    ],
    "ParentView": [
        "config>router>bgp>rib-management>ipv4",
        "config>router>bgp>rib-management>label-ipv4",
        "config>router>bgp>rib-management>ipv6"
    ],
    "ParaDef": [
        {
            "Parameters": "plcy-or-long-expr",
            "Info": "Specifies up to 14 route policy names (up to 64 characters long) or a policy logical expression (up to 255 characters long). Allowed values are any string up to 255 characters long composed of printable, 7-bit ASCII characters. If the string contains special characters (#, $, spaces, and so on), the entire string must be enclosed within double quotes."
        },
        {
            "Parameters": "plcy-or-expr",
            "Info": "The route policy name (up to 64 characters long) or a policy logical expression (up to 64 characters long). Allowed values are any string up to 64 characters long composed of printable, 7-bit ASCII characters. If the string contains special characters (#, $, spaces, and so on), the entire string must be enclosed within double quotes."
        }
    ],
    "Examples": null,
    "ExtraInfo": "Default: no leak-import"
}
{
    "PageTitle": "ignore-nh-metric",
    "FuncDef": "This command instructs BGP to disregard the resolved distance to the BGP next-hop in its decision process for selecting the best route to a destination. When configured in theconfig>router>bgp>best-path-selectioncontext, this command applies to the comparison of two BGP routes with the same NLRI learned from base router BGP peers. When configured in theconfig>service>vprncontext, this command applies to the comparison of two BGP-VPN routes for the same IP prefix imported into the VPRN from the base router BGP instance. When configured in theconfig>service>vprn>bgp>best-path-selectioncontext, this command applies to the comparison of two BGP routes for the same IP prefix learned from VPRN BGP peers.",
    "CLIs": [
        "ignore-nh-metric",
        "no ignore-nh-metric"
    ],
    "ParentView": [
        "config>router>bgp>best-path-selection",
        "config>service>vprn",
        "config>service>vprn>bgp>best-path-selection"
    ],
    "ParaDef": null,
    "Examples": null,
    "ExtraInfo": "Default: no ignore-nh-metric"
}
{
    "PageTitle": "secondary-ip-address",
    "FuncDef": "This command specifies the secondary IP address of a reference location used for BGP optimal route reflection. Up to three IPv4 addresses and three IPv6 addresses can be specified per location.",
    "CLIs": [
        "secondary-ip-address <ipv4-address>",
        "no secondary-ip-address"
    ],
    "ParentView": [
        "config>router>bgp>orr>location"
    ],
    "ParaDef": [
        {
            "Parameters": "ipv4-address",
            "Info": "Specifies the secondary IPv4 address of a location, expressed in dotted decimal notation. Values-a.b.c.d."
        }
    ],
    "Examples": null,
    "ExtraInfo": "Default: no secondary-ip-address"
}
{
    "PageTitle": "damping",
    "FuncDef": "This command enables BGP route damping for learned routes which are defined within the route policy. Use damping to reduce the number of update messages sent between BGP peers and reduce the load on peers without affecting the route convergence time for stable routes. Damping parameters are set via route policy definition.",
    "CLIs": [
        "damping",
        "no damping"
    ],
    "ParentView": [
        "config>router>bgp",
        "config>router>bgp>group",
        "config>router>bgp>group>neighbor"
    ],
    "ParaDef": null,
    "Examples": null,
    "ExtraInfo": "Default: no damping"
}
{
    "PageTitle": "transport-tunnel",
    "FuncDef": "This command enables the context to configure options for the next-hop resolution of BGP labeled routes (VPN-IP and labeled-unicast) using tunnels in TTM. The context allows the selection of different tunnel resolution options for different types of BGP labeled routes: label-unicast IPv4, label-unicast IPv6, and VPN-IP routes (both VPN-IPv4 and VPN-IPv6).",
    "CLIs": [
        "transport-tunnel"
    ],
    "ParentView": [
        "config>router>bgp>next-hop-res>labeled-routes"
    ],
    "ParaDef": null,
    "Examples": null,
    "ExtraInfo": ""
}

---

Generate CLI configuration commands that fulfill the user's request using the information from the reference content. Please respond directly to the user's question. Do not mention phrases like "based on the information you provided", "according to the documentation", or anything similar.
/miniforge/envs/safe/lib/python3.10/site-packages/transformers/generation/configuration_utils.py:590: UserWarning: `do_sample` is set to `False`. However, `temperature` is set to `0.7` -- this flag is only used in sample-based generation modes. You should set `do_sample=True` or unset `temperature`.
  warnings.warn(
/miniforge/envs/safe/lib/python3.10/site-packages/transformers/generation/configuration_utils.py:595: UserWarning: `do_sample` is set to `False`. However, `top_p` is set to `0.8` -- this flag is only used in sample-based generation modes. You should set `do_sample=True` or unset `top_p`.
  warnings.warn(
/miniforge/envs/safe/lib/python3.10/site-packages/transformers/generation/configuration_utils.py:612: UserWarning: `do_sample` is set to `False`. However, `top_k` is set to `20` -- this flag is only used in sample-based generation modes. You should set `do_sample=True` or unset `top_k`.
  warnings.warn(
  1%|          | 2/364 [01:04<3:15:29, 32.40s/it]
Traceback (most recent call last):
  File "/root/router/answer_check.py", line 185, in <module>
    cli_list = get_response(retrieved_prompt, lora=False, system=False)
  File "/root/router/answer_check.py", line 132, in get_response
    outputs = model.generate(
  File "/miniforge/envs/safe/lib/python3.10/site-packages/peft/peft_model.py", line 1875, in generate
    outputs = self.base_model.generate(*args, **kwargs)
  File "/miniforge/envs/safe/lib/python3.10/site-packages/torch/utils/_contextlib.py", line 116, in decorate_context
    return func(*args, **kwargs)
  File "/miniforge/envs/safe/lib/python3.10/site-packages/transformers/generation/utils.py", line 2215, in generate
    result = self._sample(
  File "/miniforge/envs/safe/lib/python3.10/site-packages/transformers/generation/utils.py", line 3206, in _sample
    outputs = self(**model_inputs, return_dict=True)
  File "/miniforge/envs/safe/lib/python3.10/site-packages/torch/nn/modules/module.py", line 1751, in _wrapped_call_impl
    return self._call_impl(*args, **kwargs)
  File "/miniforge/envs/safe/lib/python3.10/site-packages/torch/nn/modules/module.py", line 1762, in _call_impl
    return forward_call(*args, **kwargs)
  File "/miniforge/envs/safe/lib/python3.10/site-packages/accelerate/hooks.py", line 176, in new_forward
    output = module._old_forward(*args, **kwargs)
  File "/miniforge/envs/safe/lib/python3.10/site-packages/transformers/models/qwen2/modeling_qwen2.py", line 1164, in forward
    outputs = self.model(
  File "/miniforge/envs/safe/lib/python3.10/site-packages/torch/nn/modules/module.py", line 1751, in _wrapped_call_impl
    return self._call_impl(*args, **kwargs)
  File "/miniforge/envs/safe/lib/python3.10/site-packages/torch/nn/modules/module.py", line 1762, in _call_impl
    return forward_call(*args, **kwargs)
  File "/miniforge/envs/safe/lib/python3.10/site-packages/transformers/models/qwen2/modeling_qwen2.py", line 895, in forward
    layer_outputs = decoder_layer(
  File "/miniforge/envs/safe/lib/python3.10/site-packages/torch/nn/modules/module.py", line 1751, in _wrapped_call_impl
    return self._call_impl(*args, **kwargs)
  File "/miniforge/envs/safe/lib/python3.10/site-packages/torch/nn/modules/module.py", line 1762, in _call_impl
    return forward_call(*args, **kwargs)
  File "/miniforge/envs/safe/lib/python3.10/site-packages/accelerate/hooks.py", line 176, in new_forward
    output = module._old_forward(*args, **kwargs)
  File "/miniforge/envs/safe/lib/python3.10/site-packages/transformers/models/qwen2/modeling_qwen2.py", line 623, in forward
    hidden_states, self_attn_weights, present_key_value = self.self_attn(
  File "/miniforge/envs/safe/lib/python3.10/site-packages/torch/nn/modules/module.py", line 1751, in _wrapped_call_impl
    return self._call_impl(*args, **kwargs)
  File "/miniforge/envs/safe/lib/python3.10/site-packages/torch/nn/modules/module.py", line 1762, in _call_impl
    return forward_call(*args, **kwargs)
  File "/miniforge/envs/safe/lib/python3.10/site-packages/accelerate/hooks.py", line 176, in new_forward
    output = module._old_forward(*args, **kwargs)
  File "/miniforge/envs/safe/lib/python3.10/site-packages/transformers/models/qwen2/modeling_qwen2.py", line 544, in forward
    attn_output = torch.nn.functional.scaled_dot_product_attention(
torch.OutOfMemoryError: CUDA out of memory. Tried to allocate 18.88 GiB. GPU 1 has a total capacity of 31.75 GiB of which 1.76 GiB is free. Process 4004288 has 2.57 GiB memory in use. Process 332511 has 27.42 GiB memory in use. Of the allocated memory 22.95 GiB is allocated by PyTorch, and 4.10 GiB is reserved by PyTorch but unallocated. If reserved but unallocated memory is large try setting PYTORCH_CUDA_ALLOC_CONF=expandable_segments:True to avoid fragmentation.  See documentation for Memory Management  (https://pytorch.org/docs/stable/notes/cuda.html#environment-variables)
